Entity,Code,Year,World Happiness Report 2016 (Cantril Ladder (0=worst; 10=best)),latitude,longitude
Afghanistan,AFG,2008,3.723589897,33.93911,67.709953
Afghanistan,AFG,2009,4.401778221,33.93911,67.709953
Afghanistan,AFG,2010,4.75838089,33.93911,67.709953
Afghanistan,AFG,2011,3.83171916,33.93911,67.709953
Afghanistan,AFG,2012,3.782937527,33.93911,67.709953
Afghanistan,AFG,2013,3.572100401,33.93911,67.709953
Afghanistan,AFG,2014,3.130895615,33.93911,67.709953
Afghanistan,AFG,2015,3.982854605,33.93911,67.709953
Afghanistan,AFG,2016,4.220168591,33.93911,67.709953
Afghanistan,AFG,2017,2.66171813,33.93911,67.709953
Afghanistan,AFG,2018,2.694303274,33.93911,67.709953
Albania,ALB,2007,4.634251595,41.153332,20.168331
Albania,ALB,2009,5.485469818,41.153332,20.168331
Albania,ALB,2010,5.268936634,41.153332,20.168331
Albania,ALB,2011,5.867421627,41.153332,20.168331
Albania,ALB,2012,5.510124207,41.153332,20.168331
Albania,ALB,2013,4.550647736,41.153332,20.168331
Albania,ALB,2014,4.813763142,41.153332,20.168331
Albania,ALB,2015,4.606650829,41.153332,20.168331
Albania,ALB,2016,4.511100769,41.153332,20.168331
Albania,ALB,2017,4.639548302,41.153332,20.168331
Albania,ALB,2018,5.004402637,41.153332,20.168331
Algeria,DZA,2010,5.46356678,28.033886,1.659626
Algeria,DZA,2011,5.317194462,28.033886,1.659626
Algeria,DZA,2012,5.604595661,28.033886,1.659626
Algeria,DZA,2014,6.354898453,28.033886,1.659626
Algeria,DZA,2016,5.340853691,28.033886,1.659626
Algeria,DZA,2017,5.248912334,28.033886,1.659626
Algeria,DZA,2018,5.043086052,28.033886,1.659626
Angola,AGO,2011,5.589000702,-11.202692,17.873887
Angola,AGO,2012,4.360249996,-11.202692,17.873887
Angola,AGO,2013,3.937106848,-11.202692,17.873887
Angola,AGO,2014,3.794837952,-11.202692,17.873887
Argentina,ARG,2006,6.312925339,-38.416097,-63.616672
Argentina,ARG,2007,6.073158264,-38.416097,-63.616672
Argentina,ARG,2008,5.961034298,-38.416097,-63.616672
Argentina,ARG,2009,6.424133301,-38.416097,-63.616672
Argentina,ARG,2010,6.441067219,-38.416097,-63.616672
Argentina,ARG,2011,6.775805473,-38.416097,-63.616672
Argentina,ARG,2012,6.468387127,-38.416097,-63.616672
Argentina,ARG,2013,6.582260132,-38.416097,-63.616672
Argentina,ARG,2014,6.671114445,-38.416097,-63.616672
Argentina,ARG,2015,6.69713068,-38.416097,-63.616672
Argentina,ARG,2016,6.427221298,-38.416097,-63.616672
Argentina,ARG,2017,6.039330006,-38.416097,-63.616672
Argentina,ARG,2018,5.792796612,-38.416097,-63.616672
Armenia,ARM,2006,4.289310932,40.069099,45.038189
Armenia,ARM,2007,4.881515503,40.069099,45.038189
Armenia,ARM,2008,4.651972294,40.069099,45.038189
Armenia,ARM,2009,4.177581787,40.069099,45.038189
Armenia,ARM,2010,4.367811203,40.069099,45.038189
Armenia,ARM,2011,4.260491371,40.069099,45.038189
Armenia,ARM,2012,4.319711685,40.069099,45.038189
Armenia,ARM,2013,4.277191162,40.069099,45.038189
Armenia,ARM,2014,4.453083038,40.069099,45.038189
Armenia,ARM,2015,4.34831953,40.069099,45.038189
Armenia,ARM,2016,4.325471878,40.069099,45.038189
Armenia,ARM,2017,4.287736416,40.069099,45.038189
Armenia,ARM,2018,5.062448502,40.069099,45.038189
Australia,AUS,2005,7.340688229,-25.274398,133.775136
Australia,AUS,2007,7.285390854,-25.274398,133.775136
Australia,AUS,2008,7.253757477,-25.274398,133.775136
Australia,AUS,2010,7.450047016,-25.274398,133.775136
Australia,AUS,2011,7.405616283,-25.274398,133.775136
Australia,AUS,2012,7.195585728,-25.274398,133.775136
Australia,AUS,2013,7.364169121,-25.274398,133.775136
Australia,AUS,2014,7.288550377,-25.274398,133.775136
Australia,AUS,2015,7.309060574,-25.274398,133.775136
Australia,AUS,2016,7.250080109,-25.274398,133.775136
Australia,AUS,2017,7.25703764,-25.274398,133.775136
Australia,AUS,2018,7.17699337,-25.274398,133.775136
Austria,AUT,2006,7.122211456,47.516231,14.550072
Austria,AUT,2008,7.180953979,47.516231,14.550072
Austria,AUT,2010,7.302678585,47.516231,14.550072
Austria,AUT,2011,7.470512867,47.516231,14.550072
Austria,AUT,2012,7.400688648,47.516231,14.550072
Austria,AUT,2013,7.498802662,47.516231,14.550072
Austria,AUT,2014,6.949999809,47.516231,14.550072
Austria,AUT,2015,7.07644701,47.516231,14.550072
Austria,AUT,2016,7.048071861,47.516231,14.550072
Austria,AUT,2017,7.293727875,47.516231,14.550072
Austria,AUT,2018,7.396001816,47.516231,14.550072
Azerbaijan,AZE,2006,4.727870941,40.143105,47.576927
Azerbaijan,AZE,2007,4.56815958,40.143105,47.576927
Azerbaijan,AZE,2008,4.817189217,40.143105,47.576927
Azerbaijan,AZE,2009,4.573725224,40.143105,47.576927
Azerbaijan,AZE,2010,4.218610764,40.143105,47.576927
Azerbaijan,AZE,2011,4.680469513,40.143105,47.576927
Azerbaijan,AZE,2012,4.910771847,40.143105,47.576927
Azerbaijan,AZE,2013,5.481178284,40.143105,47.576927
Azerbaijan,AZE,2014,5.25153017,40.143105,47.576927
Azerbaijan,AZE,2015,5.146774769,40.143105,47.576927
Azerbaijan,AZE,2016,5.303894997,40.143105,47.576927
Azerbaijan,AZE,2017,5.152279377,40.143105,47.576927
Azerbaijan,AZE,2018,5.167995453,40.143105,47.576927
Bahrain,BHR,2009,5.700523376,25.930414,50.637772
Bahrain,BHR,2010,5.936869144,25.930414,50.637772
Bahrain,BHR,2011,4.82397604,25.930414,50.637772
Bahrain,BHR,2012,5.027186871,25.930414,50.637772
Bahrain,BHR,2013,6.689711094,25.930414,50.637772
Bahrain,BHR,2014,6.165133953,25.930414,50.637772
Bahrain,BHR,2015,6.00737524,25.930414,50.637772
Bahrain,BHR,2016,6.169673443,25.930414,50.637772
Bahrain,BHR,2017,6.227320671,25.930414,50.637772
Bangladesh,BGD,2006,4.318909168,23.684994,90.356331
Bangladesh,BGD,2007,4.607322216,23.684994,90.356331
Bangladesh,BGD,2008,5.052278519,23.684994,90.356331
Bangladesh,BGD,2009,5.08285141,23.684994,90.356331
Bangladesh,BGD,2010,4.858481407,23.684994,90.356331
Bangladesh,BGD,2011,4.985649109,23.684994,90.356331
Bangladesh,BGD,2012,4.724443913,23.684994,90.356331
Bangladesh,BGD,2013,4.660161018,23.684994,90.356331
Bangladesh,BGD,2014,4.635564804,23.684994,90.356331
Bangladesh,BGD,2015,4.633473873,23.684994,90.356331
Bangladesh,BGD,2016,4.5561409,23.684994,90.356331
Bangladesh,BGD,2017,4.309771061,23.684994,90.356331
Bangladesh,BGD,2018,4.499217033,23.684994,90.356331
Belarus,BLR,2006,5.657649994,53.709807,27.953389
Belarus,BLR,2007,5.616976261,53.709807,27.953389
Belarus,BLR,2008,5.463332176,53.709807,27.953389
Belarus,BLR,2009,5.56413126,53.709807,27.953389
Belarus,BLR,2010,5.525923252,53.709807,27.953389
Belarus,BLR,2011,5.225307941,53.709807,27.953389
Belarus,BLR,2012,5.749043465,53.709807,27.953389
Belarus,BLR,2013,5.876466274,53.709807,27.953389
Belarus,BLR,2014,5.812400818,53.709807,27.953389
Belarus,BLR,2015,5.718907833,53.709807,27.953389
Belarus,BLR,2016,5.177899361,53.709807,27.953389
Belarus,BLR,2017,5.552915096,53.709807,27.953389
Belarus,BLR,2018,5.233769894,53.709807,27.953389
Belgium,BEL,2005,7.262290478,50.503887,4.469936
Belgium,BEL,2007,7.218839645,50.503887,4.469936
Belgium,BEL,2008,7.116590977,50.503887,4.469936
Belgium,BEL,2010,6.853514194,50.503887,4.469936
Belgium,BEL,2011,7.111363888,50.503887,4.469936
Belgium,BEL,2012,6.935122013,50.503887,4.469936
Belgium,BEL,2013,7.10366106,50.503887,4.469936
Belgium,BEL,2014,6.855329037,50.503887,4.469936
Belgium,BEL,2015,6.904219151,50.503887,4.469936
Belgium,BEL,2016,6.948936462,50.503887,4.469936
Belgium,BEL,2017,6.928347588,50.503887,4.469936
Belgium,BEL,2018,6.89217186,50.503887,4.469936
Belize,BLZ,2007,6.450644493,17.189877,-88.49765
Belize,BLZ,2014,5.955646515,17.189877,-88.49765
Benin,BEN,2006,3.329801559,9.30769,2.315834
Benin,BEN,2008,3.66713953,9.30769,2.315834
Benin,BEN,2011,3.870279551,9.30769,2.315834
Benin,BEN,2012,3.193468809,9.30769,2.315834
Benin,BEN,2013,3.479412794,9.30769,2.315834
Benin,BEN,2014,3.347419262,9.30769,2.315834
Benin,BEN,2015,3.624664307,9.30769,2.315834
Benin,BEN,2016,4.007357597,9.30769,2.315834
Benin,BEN,2017,4.853180885,9.30769,2.315834
Benin,BEN,2018,5.81982708,9.30769,2.315834
Bhutan,BTN,2013,5.569091797,27.514162,90.433601
Bhutan,BTN,2014,4.938578129,27.514162,90.433601
Bhutan,BTN,2015,5.082128525,27.514162,90.433601
Bolivia,BOL,2006,5.373986244,-16.290154,-63.588653
Bolivia,BOL,2007,5.628419399,-16.290154,-63.588653
Bolivia,BOL,2008,5.297872543,-16.290154,-63.588653
Bolivia,BOL,2009,6.085579395,-16.290154,-63.588653
Bolivia,BOL,2010,5.780620098,-16.290154,-63.588653
Bolivia,BOL,2011,5.778874397,-16.290154,-63.588653
Bolivia,BOL,2012,6.018894672,-16.290154,-63.588653
Bolivia,BOL,2013,5.767428875,-16.290154,-63.588653
Bolivia,BOL,2014,5.864798546,-16.290154,-63.588653
Bolivia,BOL,2015,5.834329128,-16.290154,-63.588653
Bolivia,BOL,2016,5.769723415,-16.290154,-63.588653
Bolivia,BOL,2017,5.65055275,-16.290154,-63.588653
Bolivia,BOL,2018,5.915734291,-16.290154,-63.588653
Bosnia and Herzegovina,BIH,2007,4.899806976,43.915886,17.679076
Bosnia and Herzegovina,BIH,2009,4.963477135,43.915886,17.679076
Bosnia and Herzegovina,BIH,2010,4.66851759,43.915886,17.679076
Bosnia and Herzegovina,BIH,2011,4.994670868,43.915886,17.679076
Bosnia and Herzegovina,BIH,2012,4.773144722,43.915886,17.679076
Bosnia and Herzegovina,BIH,2013,5.123664379,43.915886,17.679076
Bosnia and Herzegovina,BIH,2014,5.248954296,43.915886,17.679076
Bosnia and Herzegovina,BIH,2015,5.117177963,43.915886,17.679076
Bosnia and Herzegovina,BIH,2016,5.180865288,43.915886,17.679076
Bosnia and Herzegovina,BIH,2017,5.089902401,43.915886,17.679076
Bosnia and Herzegovina,BIH,2018,5.887401104,43.915886,17.679076
Botswana,BWA,2006,4.739367008,-22.328474,24.684866
Botswana,BWA,2008,5.451147079,-22.328474,24.684866
Botswana,BWA,2010,3.553020239,-22.328474,24.684866
Botswana,BWA,2011,3.519921064,-22.328474,24.684866
Botswana,BWA,2012,4.835938931,-22.328474,24.684866
Botswana,BWA,2013,4.128298759,-22.328474,24.684866
Botswana,BWA,2014,4.031197071,-22.328474,24.684866
Botswana,BWA,2015,3.761964798,-22.328474,24.684866
Botswana,BWA,2016,3.498936653,-22.328474,24.684866
Botswana,BWA,2017,3.504881144,-22.328474,24.684866
Botswana,BWA,2018,3.4613657,-22.328474,24.684866
Brazil,BRA,2005,6.636771202,-14.235004,-51.92528
Brazil,BRA,2007,6.320672989,-14.235004,-51.92528
Brazil,BRA,2008,6.691424847,-14.235004,-51.92528
Brazil,BRA,2009,7.000831604,-14.235004,-51.92528
Brazil,BRA,2010,6.837331295,-14.235004,-51.92528
Brazil,BRA,2011,7.037816525,-14.235004,-51.92528
Brazil,BRA,2012,6.660003662,-14.235004,-51.92528
Brazil,BRA,2013,7.140282631,-14.235004,-51.92528
Brazil,BRA,2014,6.980998993,-14.235004,-51.92528
Brazil,BRA,2015,6.546896935,-14.235004,-51.92528
Brazil,BRA,2016,6.374817371,-14.235004,-51.92528
Brazil,BRA,2017,6.332929134,-14.235004,-51.92528
Brazil,BRA,2018,6.190921783,-14.235004,-51.92528
Bulgaria,BGR,2007,3.843797922,42.733883,25.48583
Bulgaria,BGR,2010,3.912276268,42.733883,25.48583
Bulgaria,BGR,2011,3.875382423,42.733883,25.48583
Bulgaria,BGR,2012,4.222297192,42.733883,25.48583
Bulgaria,BGR,2013,3.993020535,42.733883,25.48583
Bulgaria,BGR,2014,4.438439846,42.733883,25.48583
Bulgaria,BGR,2015,4.865401268,42.733883,25.48583
Bulgaria,BGR,2016,4.837560654,42.733883,25.48583
Bulgaria,BGR,2017,5.096901894,42.733883,25.48583
Bulgaria,BGR,2018,5.098813534,42.733883,25.48583
Burkina Faso,BFA,2006,3.801490784,12.238333,-1.561593
Burkina Faso,BFA,2007,4.017130375,12.238333,-1.561593
Burkina Faso,BFA,2008,3.846438885,12.238333,-1.561593
Burkina Faso,BFA,2010,4.035560608,12.238333,-1.561593
Burkina Faso,BFA,2011,4.785367489,12.238333,-1.561593
Burkina Faso,BFA,2012,3.95500803,12.238333,-1.561593
Burkina Faso,BFA,2013,3.325949669,12.238333,-1.561593
Burkina Faso,BFA,2014,3.481347799,12.238333,-1.561593
Burkina Faso,BFA,2015,4.418930054,12.238333,-1.561593
Burkina Faso,BFA,2016,4.205634594,12.238333,-1.561593
Burkina Faso,BFA,2017,4.646891117,12.238333,-1.561593
Burkina Faso,BFA,2018,4.92723608,12.238333,-1.561593
Burundi,BDI,2008,3.563227654,-3.373056,29.918886
Burundi,BDI,2009,3.791680813,-3.373056,29.918886
Burundi,BDI,2011,3.705894232,-3.373056,29.918886
Burundi,BDI,2014,2.904535055,-3.373056,29.918886
Burundi,BDI,2018,3.775283098,-3.373056,29.918886
Cambodia,KHM,2006,3.568744659,12.565679,104.990963
Cambodia,KHM,2007,4.15597105,12.565679,104.990963
Cambodia,KHM,2008,4.462163925,12.565679,104.990963
Cambodia,KHM,2009,4.110625744,12.565679,104.990963
Cambodia,KHM,2010,4.141072273,12.565679,104.990963
Cambodia,KHM,2011,4.161225319,12.565679,104.990963
Cambodia,KHM,2012,3.898706913,12.565679,104.990963
Cambodia,KHM,2013,3.674466848,12.565679,104.990963
Cambodia,KHM,2014,3.88330555,12.565679,104.990963
Cambodia,KHM,2015,4.162164688,12.565679,104.990963
Cambodia,KHM,2016,4.461259365,12.565679,104.990963
Cambodia,KHM,2017,4.585842133,12.565679,104.990963
Cambodia,KHM,2018,5.121837616,12.565679,104.990963
Cameroon,CMR,2006,3.851072073,7.369722,12.354722
Cameroon,CMR,2007,4.349939346,7.369722,12.354722
Cameroon,CMR,2008,4.291800499,7.369722,12.354722
Cameroon,CMR,2009,4.741408348,7.369722,12.354722
Cameroon,CMR,2010,4.554256916,7.369722,12.354722
Cameroon,CMR,2011,4.433885098,7.369722,12.354722
Cameroon,CMR,2012,4.244634151,7.369722,12.354722
Cameroon,CMR,2013,4.271038055,7.369722,12.354722
Cameroon,CMR,2014,4.240441322,7.369722,12.354722
Cameroon,CMR,2015,5.037964821,7.369722,12.354722
Cameroon,CMR,2016,4.816232204,7.369722,12.354722
Cameroon,CMR,2017,5.07405138,7.369722,12.354722
Cameroon,CMR,2018,5.250737667,7.369722,12.354722
Canada,CAN,2005,7.418048382,56.130366,-106.346771
Canada,CAN,2007,7.481752872,56.130366,-106.346771
Canada,CAN,2008,7.485603809,56.130366,-106.346771
Canada,CAN,2009,7.48782444,56.130366,-106.346771
Canada,CAN,2010,7.650346279,56.130366,-106.346771
Canada,CAN,2011,7.426053524,56.130366,-106.346771
Canada,CAN,2012,7.415144444,56.130366,-106.346771
Canada,CAN,2013,7.593793869,56.130366,-106.346771
Canada,CAN,2014,7.30425787,56.130366,-106.346771
Canada,CAN,2015,7.412772655,56.130366,-106.346771
Canada,CAN,2016,7.244845867,56.130366,-106.346771
Canada,CAN,2017,7.414868355,56.130366,-106.346771
Canada,CAN,2018,7.175496578,56.130366,-106.346771
Central African Republic,CAF,2007,4.160129547,6.611111,20.939444
Central African Republic,CAF,2010,3.567892551,6.611111,20.939444
Central African Republic,CAF,2011,3.677826405,6.611111,20.939444
Central African Republic,CAF,2016,2.693061113,6.611111,20.939444
Central African Republic,CAF,2017,3.475862026,6.611111,20.939444
Chad,TCD,2006,3.434800625,15.454166,18.732207
Chad,TCD,2007,4.141326904,15.454166,18.732207
Chad,TCD,2008,4.632468224,15.454166,18.732207
Chad,TCD,2009,3.639445066,15.454166,18.732207
Chad,TCD,2010,3.742871046,15.454166,18.732207
Chad,TCD,2011,4.393482208,15.454166,18.732207
Chad,TCD,2012,4.03297472,15.454166,18.732207
Chad,TCD,2013,3.507663012,15.454166,18.732207
Chad,TCD,2014,3.460182905,15.454166,18.732207
Chad,TCD,2015,4.322675228,15.454166,18.732207
Chad,TCD,2016,4.029350281,15.454166,18.732207
Chad,TCD,2017,4.558937073,15.454166,18.732207
Chad,TCD,2018,4.486325264,15.454166,18.732207
Chile,CHL,2006,6.062851906,-35.675147,-71.542969
Chile,CHL,2007,5.697929859,-35.675147,-71.542969
Chile,CHL,2008,5.789438725,-35.675147,-71.542969
Chile,CHL,2009,6.493686199,-35.675147,-71.542969
Chile,CHL,2010,6.63565588,-35.675147,-71.542969
Chile,CHL,2011,6.526334763,-35.675147,-71.542969
Chile,CHL,2012,6.599128723,-35.675147,-71.542969
Chile,CHL,2013,6.74015379,-35.675147,-71.542969
Chile,CHL,2014,6.844238281,-35.675147,-71.542969
Chile,CHL,2015,6.532749653,-35.675147,-71.542969
Chile,CHL,2016,6.579056263,-35.675147,-71.542969
Chile,CHL,2017,6.320119381,-35.675147,-71.542969
Chile,CHL,2018,6.436220646,-35.675147,-71.542969
China,CHN,2006,4.560495377,35.86166,104.195397
China,CHN,2007,4.86286211,35.86166,104.195397
China,CHN,2008,4.84629488,35.86166,104.195397
China,CHN,2009,4.454360962,35.86166,104.195397
China,CHN,2010,4.652736664,35.86166,104.195397
China,CHN,2011,5.037207603,35.86166,104.195397
China,CHN,2012,5.094917297,35.86166,104.195397
China,CHN,2013,5.241090298,35.86166,104.195397
China,CHN,2014,5.195619106,35.86166,104.195397
China,CHN,2015,5.303877831,35.86166,104.195397
China,CHN,2016,5.32495594,35.86166,104.195397
China,CHN,2017,5.099061489,35.86166,104.195397
China,CHN,2018,5.131433964,35.86166,104.195397
Colombia,COL,2006,6.024942875,4.570868,-74.297333
Colombia,COL,2007,6.138411522,4.570868,-74.297333
Colombia,COL,2008,6.168395042,4.570868,-74.297333
Colombia,COL,2009,6.271604538,4.570868,-74.297333
Colombia,COL,2010,6.40811348,4.570868,-74.297333
Colombia,COL,2011,6.463952541,4.570868,-74.297333
Colombia,COL,2012,6.374879837,4.570868,-74.297333
Colombia,COL,2013,6.606550694,4.570868,-74.297333
Colombia,COL,2014,6.44878912,4.570868,-74.297333
Colombia,COL,2015,6.387571812,4.570868,-74.297333
Colombia,COL,2016,6.233715057,4.570868,-74.297333
Colombia,COL,2017,6.157341957,4.570868,-74.297333
Colombia,COL,2018,5.983512402,4.570868,-74.297333
Comoros,COM,2009,3.47602725,-11.875001,43.872219
Comoros,COM,2010,3.81219101,-11.875001,43.872219
Comoros,COM,2011,3.838485956,-11.875001,43.872219
Comoros,COM,2012,3.955640316,-11.875001,43.872219
Comoros,COM,2018,3.972819567,-11.875001,43.872219
Congo,COG,2008,3.819792271,#N/A,#N/A
Congo,COG,2011,4.509824276,#N/A,#N/A
Congo,COG,2012,3.919341803,#N/A,#N/A
Congo,COG,2013,3.954950571,#N/A,#N/A
Congo,COG,2014,4.05601263,#N/A,#N/A
Congo,COG,2015,4.690830231,#N/A,#N/A
Congo,COG,2016,4.119493484,#N/A,#N/A
Congo,COG,2017,4.883991241,#N/A,#N/A
Congo,COG,2018,5.490214348,#N/A,#N/A
Costa Rica,CRI,2006,7.082465172,9.748917,-83.753428
Costa Rica,CRI,2007,7.432132244,9.748917,-83.753428
Costa Rica,CRI,2008,6.850679874,9.748917,-83.753428
Costa Rica,CRI,2009,7.614928722,9.748917,-83.753428
Costa Rica,CRI,2010,7.271053791,9.748917,-83.753428
Costa Rica,CRI,2011,7.228888512,9.748917,-83.753428
Costa Rica,CRI,2012,7.272250175,9.748917,-83.753428
Costa Rica,CRI,2013,7.158000469,9.748917,-83.753428
Costa Rica,CRI,2014,7.247086048,9.748917,-83.753428
Costa Rica,CRI,2015,6.854004383,9.748917,-83.753428
Costa Rica,CRI,2016,7.135617733,9.748917,-83.753428
Costa Rica,CRI,2017,7.22518158,9.748917,-83.753428
Costa Rica,CRI,2018,7.141074657,9.748917,-83.753428
Cote d'Ivoire,CIV,2009,4.197181702,#N/A,#N/A
Cote d'Ivoire,CIV,2013,3.739365578,#N/A,#N/A
Cote d'Ivoire,CIV,2014,3.570368528,#N/A,#N/A
Cote d'Ivoire,CIV,2015,4.445038795,#N/A,#N/A
Cote d'Ivoire,CIV,2016,4.542545795,#N/A,#N/A
Cote d'Ivoire,CIV,2017,5.037734985,#N/A,#N/A
Cote d'Ivoire,CIV,2018,5.26837492,#N/A,#N/A
Croatia,HRV,2007,5.820907593,45.1,15.2
Croatia,HRV,2009,5.433319569,45.1,15.2
Croatia,HRV,2010,5.595575333,45.1,15.2
Croatia,HRV,2011,5.385372639,45.1,15.2
Croatia,HRV,2012,6.027634621,45.1,15.2
Croatia,HRV,2013,5.885462761,45.1,15.2
Croatia,HRV,2014,5.380692482,45.1,15.2
Croatia,HRV,2015,5.205438137,45.1,15.2
Croatia,HRV,2016,5.416875362,45.1,15.2
Croatia,HRV,2017,5.343165874,45.1,15.2
Croatia,HRV,2018,5.536271095,45.1,15.2
Cuba,CUB,2006,5.417868614,21.521757,-77.781167
Cyprus,CYP,2006,6.237958431,35.126413,33.429859
Cyprus,CYP,2009,6.833477497,35.126413,33.429859
Cyprus,CYP,2010,6.386546135,35.126413,33.429859
Cyprus,CYP,2011,6.689608574,35.126413,33.429859
Cyprus,CYP,2012,6.180507183,35.126413,33.429859
Cyprus,CYP,2013,5.438952446,35.126413,33.429859
Cyprus,CYP,2014,5.627123833,35.126413,33.429859
Cyprus,CYP,2015,5.439161301,35.126413,33.429859
Cyprus,CYP,2016,5.794618607,35.126413,33.429859
Cyprus,CYP,2017,6.062051296,35.126413,33.429859
Cyprus,CYP,2018,6.276443005,35.126413,33.429859
Czech Republic,CZE,2005,6.439256668,49.817492,15.472962
Czech Republic,CZE,2007,6.500194073,49.817492,15.472962
Czech Republic,CZE,2010,6.249617577,49.817492,15.472962
Czech Republic,CZE,2011,6.331490993,49.817492,15.472962
Czech Republic,CZE,2012,6.334149361,49.817492,15.472962
Czech Republic,CZE,2013,6.697655678,49.817492,15.472962
Czech Republic,CZE,2014,6.483729839,49.817492,15.472962
Czech Republic,CZE,2015,6.608017445,49.817492,15.472962
Czech Republic,CZE,2016,6.735627174,49.817492,15.472962
Czech Republic,CZE,2017,6.789567947,49.817492,15.472962
Czech Republic,CZE,2018,7.034165382,49.817492,15.472962
Democratic Republic of Congo,COD,2009,3.983848572,#N/A,#N/A
Democratic Republic of Congo,COD,2011,4.516963959,#N/A,#N/A
Democratic Republic of Congo,COD,2012,4.63922739,#N/A,#N/A
Democratic Republic of Congo,COD,2013,4.497477055,#N/A,#N/A
Democratic Republic of Congo,COD,2014,4.414299965,#N/A,#N/A
Democratic Republic of Congo,COD,2015,3.902741671,#N/A,#N/A
Democratic Republic of Congo,COD,2016,4.521935463,#N/A,#N/A
Democratic Republic of Congo,COD,2017,4.311033249,#N/A,#N/A
Denmark,DNK,2005,8.01893425,56.26392,9.501785
Denmark,DNK,2007,7.834233284,56.26392,9.501785
Denmark,DNK,2008,7.970891953,56.26392,9.501785
Denmark,DNK,2009,7.683358669,56.26392,9.501785
Denmark,DNK,2010,7.770515442,56.26392,9.501785
Denmark,DNK,2011,7.78823185,56.26392,9.501785
Denmark,DNK,2012,7.519909382,56.26392,9.501785
Denmark,DNK,2013,7.588606834,56.26392,9.501785
Denmark,DNK,2014,7.507559299,56.26392,9.501785
Denmark,DNK,2015,7.514424801,56.26392,9.501785
Denmark,DNK,2016,7.55778265,56.26392,9.501785
Denmark,DNK,2017,7.593702316,56.26392,9.501785
Denmark,DNK,2018,7.648785591,56.26392,9.501785
Djibouti,DJI,2008,5.009330273,11.825138,42.590275
Djibouti,DJI,2009,4.905925274,11.825138,42.590275
Djibouti,DJI,2010,5.005810738,11.825138,42.590275
Djibouti,DJI,2011,4.369193554,11.825138,42.590275
Dominican Republic,DOM,2006,5.087967873,18.735693,-70.162651
Dominican Republic,DOM,2007,5.081305981,18.735693,-70.162651
Dominican Republic,DOM,2008,4.84230566,18.735693,-70.162651
Dominican Republic,DOM,2009,5.431613922,18.735693,-70.162651
Dominican Republic,DOM,2010,4.735021114,18.735693,-70.162651
Dominican Republic,DOM,2011,5.396535397,18.735693,-70.162651
Dominican Republic,DOM,2012,4.753311157,18.735693,-70.162651
Dominican Republic,DOM,2013,5.015515327,18.735693,-70.162651
Dominican Republic,DOM,2014,5.387331963,18.735693,-70.162651
Dominican Republic,DOM,2015,5.061862469,18.735693,-70.162651
Dominican Republic,DOM,2016,5.238698483,18.735693,-70.162651
Dominican Republic,DOM,2017,5.605202675,18.735693,-70.162651
Dominican Republic,DOM,2018,5.433215618,18.735693,-70.162651
Ecuador,ECU,2006,5.02419138,-1.831239,-78.183406
Ecuador,ECU,2007,4.995875359,-1.831239,-78.183406
Ecuador,ECU,2008,5.296513081,-1.831239,-78.183406
Ecuador,ECU,2009,6.021803379,-1.831239,-78.183406
Ecuador,ECU,2010,5.838051319,-1.831239,-78.183406
Ecuador,ECU,2011,5.795088291,-1.831239,-78.183406
Ecuador,ECU,2012,5.960716248,-1.831239,-78.183406
Ecuador,ECU,2013,6.019206047,-1.831239,-78.183406
Ecuador,ECU,2014,5.945851803,-1.831239,-78.183406
Ecuador,ECU,2015,5.964075089,-1.831239,-78.183406
Ecuador,ECU,2016,6.115437508,-1.831239,-78.183406
Ecuador,ECU,2017,5.839518547,-1.831239,-78.183406
Ecuador,ECU,2018,6.128010273,-1.831239,-78.183406
Egypt,EGY,2005,5.167754173,26.820553,30.802498
Egypt,EGY,2007,5.540510654,26.820553,30.802498
Egypt,EGY,2008,4.631741047,26.820553,30.802498
Egypt,EGY,2009,5.066164494,26.820553,30.802498
Egypt,EGY,2010,4.668916225,26.820553,30.802498
Egypt,EGY,2011,4.174158573,26.820553,30.802498
Egypt,EGY,2012,4.204156876,26.820553,30.802498
Egypt,EGY,2013,3.558520317,26.820553,30.802498
Egypt,EGY,2014,4.885072708,26.820553,30.802498
Egypt,EGY,2015,4.762538433,26.820553,30.802498
Egypt,EGY,2016,4.556740761,26.820553,30.802498
Egypt,EGY,2017,3.929344177,26.820553,30.802498
Egypt,EGY,2018,4.005450726,26.820553,30.802498
El Salvador,SLV,2006,5.700929642,13.794185,-88.89653
El Salvador,SLV,2007,5.295535088,13.794185,-88.89653
El Salvador,SLV,2008,5.191493988,13.794185,-88.89653
El Salvador,SLV,2009,6.839087009,13.794185,-88.89653
El Salvador,SLV,2010,6.739911079,13.794185,-88.89653
El Salvador,SLV,2011,4.741294861,13.794185,-88.89653
El Salvador,SLV,2012,5.934371471,13.794185,-88.89653
El Salvador,SLV,2013,6.325063229,13.794185,-88.89653
El Salvador,SLV,2014,5.856523514,13.794185,-88.89653
El Salvador,SLV,2015,6.018496037,13.794185,-88.89653
El Salvador,SLV,2016,6.139824867,13.794185,-88.89653
El Salvador,SLV,2017,6.339318275,13.794185,-88.89653
El Salvador,SLV,2018,6.276246071,13.794185,-88.89653
Estonia,EST,2006,5.371054649,58.595272,25.013607
Estonia,EST,2007,5.332044125,58.595272,25.013607
Estonia,EST,2008,5.451937675,58.595272,25.013607
Estonia,EST,2009,5.137738705,58.595272,25.013607
Estonia,EST,2011,5.486819744,58.595272,25.013607
Estonia,EST,2012,5.363927841,58.595272,25.013607
Estonia,EST,2013,5.367445946,58.595272,25.013607
Estonia,EST,2014,5.55598259,58.595272,25.013607
Estonia,EST,2015,5.628908634,58.595272,25.013607
Estonia,EST,2016,5.649675369,58.595272,25.013607
Estonia,EST,2017,5.938395977,58.595272,25.013607
Estonia,EST,2018,6.091302395,58.595272,25.013607
Ethiopia,ETH,2012,4.561168671,9.145,40.489673
Ethiopia,ETH,2013,4.44482708,9.145,40.489673
Ethiopia,ETH,2014,4.506646633,9.145,40.489673
Ethiopia,ETH,2015,4.573154926,9.145,40.489673
Ethiopia,ETH,2016,4.297848701,9.145,40.489673
Ethiopia,ETH,2017,4.180315495,9.145,40.489673
Ethiopia,ETH,2018,4.379262447,9.145,40.489673
Finland,FIN,2006,7.672449112,61.92411,25.748151
Finland,FIN,2008,7.67062664,61.92411,25.748151
Finland,FIN,2010,7.393264294,61.92411,25.748151
Finland,FIN,2011,7.354225159,61.92411,25.748151
Finland,FIN,2012,7.420209408,61.92411,25.748151
Finland,FIN,2013,7.444635868,61.92411,25.748151
Finland,FIN,2014,7.384571075,61.92411,25.748151
Finland,FIN,2015,7.447925568,61.92411,25.748151
Finland,FIN,2016,7.659843445,61.92411,25.748151
Finland,FIN,2017,7.788251877,61.92411,25.748151
Finland,FIN,2018,7.85810709,61.92411,25.748151
France,FRA,2005,7.093392849,46.227638,2.213749
France,FRA,2006,6.582700253,46.227638,2.213749
France,FRA,2008,7.008064747,46.227638,2.213749
France,FRA,2009,6.283498287,46.227638,2.213749
France,FRA,2010,6.797901154,46.227638,2.213749
France,FRA,2011,6.959185123,46.227638,2.213749
France,FRA,2012,6.649365425,46.227638,2.213749
France,FRA,2013,6.66712141,46.227638,2.213749
France,FRA,2014,6.466867924,46.227638,2.213749
France,FRA,2015,6.357625008,46.227638,2.213749
France,FRA,2016,6.475208759,46.227638,2.213749
France,FRA,2017,6.635222435,46.227638,2.213749
France,FRA,2018,6.665903568,46.227638,2.213749
Gabon,GAB,2011,4.255400658,-0.803689,11.609444
Gabon,GAB,2012,3.97205925,-0.803689,11.609444
Gabon,GAB,2013,3.800287008,-0.803689,11.609444
Gabon,GAB,2014,3.918073177,-0.803689,11.609444
Gabon,GAB,2015,4.66101265,-0.803689,11.609444
Gabon,GAB,2016,4.831764221,-0.803689,11.609444
Gabon,GAB,2017,4.782382965,-0.803689,11.609444
Gabon,GAB,2018,4.783009052,-0.803689,11.609444
Gambia,GMB,2017,4.117938995,13.443182,-15.310139
Gambia,GMB,2018,4.922099113,13.443182,-15.310139
Georgia,GEO,2006,3.675108433,42.315407,43.356892
Georgia,GEO,2007,3.707194567,42.315407,43.356892
Georgia,GEO,2008,4.15609026,42.315407,43.356892
Georgia,GEO,2009,3.800639153,42.315407,43.356892
Georgia,GEO,2010,4.101837158,42.315407,43.356892
Georgia,GEO,2011,4.203030586,42.315407,43.356892
Georgia,GEO,2012,4.254445553,42.315407,43.356892
Georgia,GEO,2013,4.348920822,42.315407,43.356892
Georgia,GEO,2014,4.287508011,42.315407,43.356892
Georgia,GEO,2015,4.121940613,42.315407,43.356892
Georgia,GEO,2016,4.448386192,42.315407,43.356892
Georgia,GEO,2017,4.45077467,42.315407,43.356892
Georgia,GEO,2018,4.659097195,42.315407,43.356892
Germany,DEU,2005,6.619549751,51.165691,10.451526
Germany,DEU,2007,6.416819572,51.165691,10.451526
Germany,DEU,2008,6.521790028,51.165691,10.451526
Germany,DEU,2009,6.64149332,51.165691,10.451526
Germany,DEU,2010,6.724531174,51.165691,10.451526
Germany,DEU,2011,6.621312141,51.165691,10.451526
Germany,DEU,2012,6.702362061,51.165691,10.451526
Germany,DEU,2013,6.965125084,51.165691,10.451526
Germany,DEU,2014,6.984214306,51.165691,10.451526
Germany,DEU,2015,7.037137508,51.165691,10.451526
Germany,DEU,2016,6.873763084,51.165691,10.451526
Germany,DEU,2017,7.074324608,51.165691,10.451526
Germany,DEU,2018,7.118364334,51.165691,10.451526
Ghana,GHA,2006,4.535019875,7.946527,-1.023194
Ghana,GHA,2007,5.220148087,7.946527,-1.023194
Ghana,GHA,2008,4.965134621,7.946527,-1.023194
Ghana,GHA,2009,4.197695732,7.946527,-1.023194
Ghana,GHA,2010,4.606251717,7.946527,-1.023194
Ghana,GHA,2011,5.608199596,7.946527,-1.023194
Ghana,GHA,2012,5.057261944,7.946527,-1.023194
Ghana,GHA,2013,4.965053082,7.946527,-1.023194
Ghana,GHA,2014,3.860351086,7.946527,-1.023194
Ghana,GHA,2015,3.985916138,7.946527,-1.023194
Ghana,GHA,2016,4.514411449,7.946527,-1.023194
Ghana,GHA,2017,5.481310844,7.946527,-1.023194
Greece,GRC,2005,6.006309986,39.074208,21.824312
Greece,GRC,2007,6.646961212,39.074208,21.824312
Greece,GRC,2009,6.038574696,39.074208,21.824312
Greece,GRC,2010,5.839558601,39.074208,21.824312
Greece,GRC,2011,5.372039795,39.074208,21.824312
Greece,GRC,2012,5.096354008,39.074208,21.824312
Greece,GRC,2013,4.720251083,39.074208,21.824312
Greece,GRC,2014,4.75623703,39.074208,21.824312
Greece,GRC,2015,5.622519016,39.074208,21.824312
Greece,GRC,2016,5.302619457,39.074208,21.824312
Greece,GRC,2017,5.14824152,39.074208,21.824312
Greece,GRC,2018,5.40928936,39.074208,21.824312
Guatemala,GTM,2006,5.901429176,15.783471,-90.230759
Guatemala,GTM,2007,6.329581261,15.783471,-90.230759
Guatemala,GTM,2008,6.414494514,15.783471,-90.230759
Guatemala,GTM,2009,6.451916218,15.783471,-90.230759
Guatemala,GTM,2010,6.289748669,15.783471,-90.230759
Guatemala,GTM,2011,5.743353844,15.783471,-90.230759
Guatemala,GTM,2012,5.855717182,15.783471,-90.230759
Guatemala,GTM,2013,5.984601498,15.783471,-90.230759
Guatemala,GTM,2014,6.536030769,15.783471,-90.230759
Guatemala,GTM,2015,6.464986801,15.783471,-90.230759
Guatemala,GTM,2016,6.358916283,15.783471,-90.230759
Guatemala,GTM,2017,6.325118542,15.783471,-90.230759
Guatemala,GTM,2018,6.626591682,15.783471,-90.230759
Guinea,GIN,2011,4.044569492,9.945587,-9.696645
Guinea,GIN,2012,3.651554823,9.945587,-9.696645
Guinea,GIN,2013,3.901793003,9.945587,-9.696645
Guinea,GIN,2014,3.4124825,9.945587,-9.696645
Guinea,GIN,2015,3.504693508,9.945587,-9.696645
Guinea,GIN,2016,3.602854729,9.945587,-9.696645
Guinea,GIN,2017,4.873722553,9.945587,-9.696645
Guinea,GIN,2018,5.25222683,9.945587,-9.696645
Guyana,GUY,2007,5.992826462,4.860416,-58.93018
Haiti,HTI,2006,3.754156113,18.971187,-72.285215
Haiti,HTI,2008,3.846329212,18.971187,-72.285215
Haiti,HTI,2010,3.76599884,18.971187,-72.285215
Haiti,HTI,2011,4.844573975,18.971187,-72.285215
Haiti,HTI,2012,4.413475037,18.971187,-72.285215
Haiti,HTI,2013,4.62196207,18.971187,-72.285215
Haiti,HTI,2014,3.888778448,18.971187,-72.285215
Haiti,HTI,2015,3.569762468,18.971187,-72.285215
Haiti,HTI,2016,3.352300167,18.971187,-72.285215
Haiti,HTI,2017,3.823865652,18.971187,-72.285215
Haiti,HTI,2018,3.614928007,18.971187,-72.285215
Honduras,HND,2006,5.396519661,15.199999,-86.241905
Honduras,HND,2007,5.09715414,15.199999,-86.241905
Honduras,HND,2008,5.420331001,15.199999,-86.241905
Honduras,HND,2009,6.033189297,15.199999,-86.241905
Honduras,HND,2010,5.866131306,15.199999,-86.241905
Honduras,HND,2011,4.961031437,15.199999,-86.241905
Honduras,HND,2012,4.602218151,15.199999,-86.241905
Honduras,HND,2013,4.713358402,15.199999,-86.241905
Honduras,HND,2014,5.055726051,15.199999,-86.241905
Honduras,HND,2015,4.845436573,15.199999,-86.241905
Honduras,HND,2016,5.648154736,15.199999,-86.241905
Honduras,HND,2017,6.019985676,15.199999,-86.241905
Honduras,HND,2018,5.908423901,15.199999,-86.241905
Hong Kong,HKG,2006,5.511187077,22.396428,114.109497
Hong Kong,HKG,2008,5.137261868,22.396428,114.109497
Hong Kong,HKG,2009,5.397055626,22.396428,114.109497
Hong Kong,HKG,2010,5.642834663,22.396428,114.109497
Hong Kong,HKG,2011,5.474010944,22.396428,114.109497
Hong Kong,HKG,2012,5.483764648,22.396428,114.109497
Hong Kong,HKG,2014,5.458050728,22.396428,114.109497
Hong Kong,HKG,2016,5.498420715,22.396428,114.109497
Hong Kong,HKG,2017,5.362474918,22.396428,114.109497
Hungary,HUN,2005,5.193933487,47.162494,19.503304
Hungary,HUN,2007,4.953917027,47.162494,19.503304
Hungary,HUN,2009,4.894600391,47.162494,19.503304
Hungary,HUN,2010,4.725132465,47.162494,19.503304
Hungary,HUN,2011,4.917602539,47.162494,19.503304
Hungary,HUN,2012,4.683358192,47.162494,19.503304
Hungary,HUN,2013,4.914466858,47.162494,19.503304
Hungary,HUN,2014,5.18056345,47.162494,19.503304
Hungary,HUN,2015,5.34438324,47.162494,19.503304
Hungary,HUN,2016,5.448901653,47.162494,19.503304
Hungary,HUN,2017,6.065038681,47.162494,19.503304
Iceland,ISL,2008,6.888284206,64.963051,-19.020835
Iceland,ISL,2012,7.590660095,64.963051,-19.020835
Iceland,ISL,2013,7.501394272,64.963051,-19.020835
Iceland,ISL,2015,7.498070717,64.963051,-19.020835
Iceland,ISL,2016,7.510034561,64.963051,-19.020835
Iceland,ISL,2017,7.476213932,64.963051,-19.020835
India,IND,2006,5.348258972,20.593684,78.96288
India,IND,2007,5.02679348,20.593684,78.96288
India,IND,2008,5.145833015,20.593684,78.96288
India,IND,2009,4.521517754,20.593684,78.96288
India,IND,2010,4.989277363,20.593684,78.96288
India,IND,2011,4.634871483,20.593684,78.96288
India,IND,2012,4.720146656,20.593684,78.96288
India,IND,2013,4.427788734,20.593684,78.96288
India,IND,2014,4.424379349,20.593684,78.96288
India,IND,2015,4.342079163,20.593684,78.96288
India,IND,2016,4.179177284,20.593684,78.96288
India,IND,2017,4.046111107,20.593684,78.96288
India,IND,2018,3.818068743,20.593684,78.96288
Indonesia,IDN,2006,4.946978092,-0.789275,113.921327
Indonesia,IDN,2007,5.101213932,-0.789275,113.921327
Indonesia,IDN,2008,4.815309525,-0.789275,113.921327
Indonesia,IDN,2009,5.472361088,-0.789275,113.921327
Indonesia,IDN,2010,5.457299232,-0.789275,113.921327
Indonesia,IDN,2011,5.172608376,-0.789275,113.921327
Indonesia,IDN,2012,5.36777401,-0.789275,113.921327
Indonesia,IDN,2013,5.292237759,-0.789275,113.921327
Indonesia,IDN,2014,5.597375393,-0.789275,113.921327
Indonesia,IDN,2015,5.04279995,-0.789275,113.921327
Indonesia,IDN,2016,5.136325359,-0.789275,113.921327
Indonesia,IDN,2017,5.098401546,-0.789275,113.921327
Indonesia,IDN,2018,5.340295792,-0.789275,113.921327
Iran,IRN,2005,5.308190346,32.427908,53.688046
Iran,IRN,2007,5.336371422,32.427908,53.688046
Iran,IRN,2008,5.128988266,32.427908,53.688046
Iran,IRN,2011,4.767507076,32.427908,53.688046
Iran,IRN,2012,4.608927727,32.427908,53.688046
Iran,IRN,2013,5.139579296,32.427908,53.688046
Iran,IRN,2014,4.682224274,32.427908,53.688046
Iran,IRN,2015,4.749955654,32.427908,53.688046
Iran,IRN,2016,4.652730942,32.427908,53.688046
Iran,IRN,2017,4.716783047,32.427908,53.688046
Iran,IRN,2018,4.278117657,32.427908,53.688046
Iraq,IRQ,2008,4.589844704,33.223191,43.679291
Iraq,IRQ,2009,4.775316715,33.223191,43.679291
Iraq,IRQ,2010,5.065462112,33.223191,43.679291
Iraq,IRQ,2011,4.725366116,33.223191,43.679291
Iraq,IRQ,2012,4.659508705,33.223191,43.679291
Iraq,IRQ,2013,4.725017071,33.223191,43.679291
Iraq,IRQ,2014,4.541502476,33.223191,43.679291
Iraq,IRQ,2015,4.493377209,33.223191,43.679291
Iraq,IRQ,2016,4.412537098,33.223191,43.679291
Iraq,IRQ,2017,4.462399006,33.223191,43.679291
Ireland,IRL,2006,7.144246578,53.41291,-8.24389
Ireland,IRL,2008,7.568029881,53.41291,-8.24389
Ireland,IRL,2009,7.045911312,53.41291,-8.24389
Ireland,IRL,2010,7.257389545,53.41291,-8.24389
Ireland,IRL,2011,7.006904125,53.41291,-8.24389
Ireland,IRL,2012,6.964645386,53.41291,-8.24389
Ireland,IRL,2013,6.760085106,53.41291,-8.24389
Ireland,IRL,2014,7.018379211,53.41291,-8.24389
Ireland,IRL,2015,6.830125332,53.41291,-8.24389
Ireland,IRL,2016,7.04073143,53.41291,-8.24389
Ireland,IRL,2017,7.060155392,53.41291,-8.24389
Ireland,IRL,2018,6.962335587,53.41291,-8.24389
Israel,ISR,2006,7.173417091,31.046051,34.851612
Israel,ISR,2007,6.841114998,31.046051,34.851612
Israel,ISR,2008,7.261261463,31.046051,34.851612
Israel,ISR,2009,7.352979183,31.046051,34.851612
Israel,ISR,2010,7.358916283,31.046051,34.851612
Israel,ISR,2011,7.433147907,31.046051,34.851612
Israel,ISR,2012,7.110854626,31.046051,34.851612
Israel,ISR,2013,7.320563316,31.046051,34.851612
Israel,ISR,2014,7.400570393,31.046051,34.851612
Israel,ISR,2015,7.07941103,31.046051,34.851612
Israel,ISR,2016,7.159010887,31.046051,34.851612
Israel,ISR,2017,7.331036091,31.046051,34.851612
Israel,ISR,2018,6.92717886,31.046051,34.851612
Italy,ITA,2005,6.853783607,41.87194,12.56738
Italy,ITA,2007,6.574412346,41.87194,12.56738
Italy,ITA,2008,6.779774189,41.87194,12.56738
Italy,ITA,2009,6.333800316,41.87194,12.56738
Italy,ITA,2010,6.354238033,41.87194,12.56738
Italy,ITA,2011,6.057086468,41.87194,12.56738
Italy,ITA,2012,5.839313984,41.87194,12.56738
Italy,ITA,2013,6.009373665,41.87194,12.56738
Italy,ITA,2014,6.026585102,41.87194,12.56738
Italy,ITA,2015,5.847683907,41.87194,12.56738
Italy,ITA,2016,5.95452404,41.87194,12.56738
Italy,ITA,2017,6.198870182,41.87194,12.56738
Italy,ITA,2018,6.516526699,41.87194,12.56738
Jamaica,JAM,2006,6.207881927,18.109581,-77.297508
Jamaica,JAM,2011,5.374446392,18.109581,-77.297508
Jamaica,JAM,2013,5.708886623,18.109581,-77.297508
Jamaica,JAM,2014,5.310538769,18.109581,-77.297508
Jamaica,JAM,2017,5.889759064,18.109581,-77.297508
Japan,JPN,2005,6.515817165,36.204824,138.252924
Japan,JPN,2007,6.238197803,36.204824,138.252924
Japan,JPN,2008,5.91067934,36.204824,138.252924
Japan,JPN,2009,5.844999313,36.204824,138.252924
Japan,JPN,2010,6.056752682,36.204824,138.252924
Japan,JPN,2011,6.262793541,36.204824,138.252924
Japan,JPN,2012,5.968216419,36.204824,138.252924
Japan,JPN,2013,5.959361553,36.204824,138.252924
Japan,JPN,2014,5.922620773,36.204824,138.252924
Japan,JPN,2015,5.879684448,36.204824,138.252924
Japan,JPN,2016,5.954650879,36.204824,138.252924
Japan,JPN,2017,5.910676479,36.204824,138.252924
Japan,JPN,2018,5.793575287,36.204824,138.252924
Jordan,JOR,2005,6.294660091,30.585164,36.238414
Jordan,JOR,2007,5.59805727,30.585164,36.238414
Jordan,JOR,2008,4.930058002,30.585164,36.238414
Jordan,JOR,2009,5.999859333,30.585164,36.238414
Jordan,JOR,2010,5.569942474,30.585164,36.238414
Jordan,JOR,2011,5.539327621,30.585164,36.238414
Jordan,JOR,2012,5.131996155,30.585164,36.238414
Jordan,JOR,2013,5.171952724,30.585164,36.238414
Jordan,JOR,2014,5.333021641,30.585164,36.238414
Jordan,JOR,2015,5.404593468,30.585164,36.238414
Jordan,JOR,2016,5.27128458,30.585164,36.238414
Jordan,JOR,2017,4.808082581,30.585164,36.238414
Jordan,JOR,2018,4.638933659,30.585164,36.238414
Kazakhstan,KAZ,2006,5.475948334,48.019573,66.923684
Kazakhstan,KAZ,2007,5.718553543,48.019573,66.923684
Kazakhstan,KAZ,2008,5.886419773,48.019573,66.923684
Kazakhstan,KAZ,2009,5.382563114,48.019573,66.923684
Kazakhstan,KAZ,2010,5.514286518,48.019573,66.923684
Kazakhstan,KAZ,2011,5.735662937,48.019573,66.923684
Kazakhstan,KAZ,2012,5.759469509,48.019573,66.923684
Kazakhstan,KAZ,2013,5.835483074,48.019573,66.923684
Kazakhstan,KAZ,2014,5.970097542,48.019573,66.923684
Kazakhstan,KAZ,2015,5.949995041,48.019573,66.923684
Kazakhstan,KAZ,2016,5.533551693,48.019573,66.923684
Kazakhstan,KAZ,2017,5.882351398,48.019573,66.923684
Kazakhstan,KAZ,2018,6.00763607,48.019573,66.923684
Kenya,KEN,2006,4.223234177,-0.023559,37.906193
Kenya,KEN,2007,4.575657845,-0.023559,37.906193
Kenya,KEN,2008,4.015274525,-0.023559,37.906193
Kenya,KEN,2009,4.270434856,-0.023559,37.906193
Kenya,KEN,2010,4.255859375,-0.023559,37.906193
Kenya,KEN,2011,4.405310154,-0.023559,37.906193
Kenya,KEN,2012,4.547335148,-0.023559,37.906193
Kenya,KEN,2013,3.795383215,-0.023559,37.906193
Kenya,KEN,2014,4.904579639,-0.023559,37.906193
Kenya,KEN,2015,4.357617855,-0.023559,37.906193
Kenya,KEN,2016,4.396127701,-0.023559,37.906193
Kenya,KEN,2017,4.475654125,-0.023559,37.906193
Kenya,KEN,2018,4.655702591,-0.023559,37.906193
Kosovo,OWID_KOS,2007,5.103906155,42.602636,20.902977
Kosovo,OWID_KOS,2008,5.521659851,42.602636,20.902977
Kosovo,OWID_KOS,2009,5.891432762,42.602636,20.902977
Kosovo,OWID_KOS,2010,5.17660141,42.602636,20.902977
Kosovo,OWID_KOS,2011,4.859501839,42.602636,20.902977
Kosovo,OWID_KOS,2012,5.639588356,42.602636,20.902977
Kosovo,OWID_KOS,2013,6.125758171,42.602636,20.902977
Kosovo,OWID_KOS,2014,5.000375271,42.602636,20.902977
Kosovo,OWID_KOS,2015,5.077460766,42.602636,20.902977
Kosovo,OWID_KOS,2016,5.759412289,42.602636,20.902977
Kosovo,OWID_KOS,2017,6.149199963,42.602636,20.902977
Kosovo,OWID_KOS,2018,6.391825676,42.602636,20.902977
Kuwait,KWT,2006,6.075547218,29.31166,47.481766
Kuwait,KWT,2009,6.585246086,29.31166,47.481766
Kuwait,KWT,2010,6.798151016,29.31166,47.481766
Kuwait,KWT,2011,6.377699375,29.31166,47.481766
Kuwait,KWT,2012,6.221094608,29.31166,47.481766
Kuwait,KWT,2013,6.480031013,29.31166,47.481766
Kuwait,KWT,2014,6.180138588,29.31166,47.481766
Kuwait,KWT,2015,6.146031857,29.31166,47.481766
Kuwait,KWT,2016,5.947194576,29.31166,47.481766
Kuwait,KWT,2017,6.093905449,29.31166,47.481766
Kyrgyzstan,KGZ,2006,4.641398907,41.20438,74.766098
Kyrgyzstan,KGZ,2007,4.697761536,41.20438,74.766098
Kyrgyzstan,KGZ,2008,4.736588001,41.20438,74.766098
Kyrgyzstan,KGZ,2009,5.06905365,41.20438,74.766098
Kyrgyzstan,KGZ,2010,4.996410847,41.20438,74.766098
Kyrgyzstan,KGZ,2011,4.921049118,41.20438,74.766098
Kyrgyzstan,KGZ,2012,5.207785606,41.20438,74.766098
Kyrgyzstan,KGZ,2013,5.40242672,41.20438,74.766098
Kyrgyzstan,KGZ,2014,5.252192974,41.20438,74.766098
Kyrgyzstan,KGZ,2015,4.905375957,41.20438,74.766098
Kyrgyzstan,KGZ,2016,4.856534004,41.20438,74.766098
Kyrgyzstan,KGZ,2017,5.629536629,41.20438,74.766098
Kyrgyzstan,KGZ,2018,5.297383308,41.20438,74.766098
Laos,LAO,2006,5.076225758,19.85627,102.495496
Laos,LAO,2007,5.363854885,19.85627,102.495496
Laos,LAO,2008,5.044098854,19.85627,102.495496
Laos,LAO,2011,4.703749657,19.85627,102.495496
Laos,LAO,2012,4.876084805,19.85627,102.495496
Laos,LAO,2017,4.623140812,19.85627,102.495496
Laos,LAO,2018,4.85940218,19.85627,102.495496
Latvia,LVA,2006,4.70950222,56.879635,24.603189
Latvia,LVA,2007,4.666971684,56.879635,24.603189
Latvia,LVA,2008,5.145375252,56.879635,24.603189
Latvia,LVA,2009,4.668910503,56.879635,24.603189
Latvia,LVA,2011,4.966811657,56.879635,24.603189
Latvia,LVA,2012,5.125025272,56.879635,24.603189
Latvia,LVA,2013,5.069770336,56.879635,24.603189
Latvia,LVA,2014,5.729115486,56.879635,24.603189
Latvia,LVA,2015,5.880597591,56.879635,24.603189
Latvia,LVA,2016,5.940446377,56.879635,24.603189
Latvia,LVA,2017,5.977817535,56.879635,24.603189
Latvia,LVA,2018,5.901154041,56.879635,24.603189
Lebanon,LBN,2005,5.49124527,33.854721,35.862285
Lebanon,LBN,2006,4.653103828,33.854721,35.862285
Lebanon,LBN,2008,4.594851017,33.854721,35.862285
Lebanon,LBN,2009,5.205998898,33.854721,35.862285
Lebanon,LBN,2010,5.031899452,33.854721,35.862285
Lebanon,LBN,2011,5.187571526,33.854721,35.862285
Lebanon,LBN,2012,4.572566986,33.854721,35.862285
Lebanon,LBN,2013,4.983288765,33.854721,35.862285
Lebanon,LBN,2014,5.233025551,33.854721,35.862285
Lebanon,LBN,2015,5.171971321,33.854721,35.862285
Lebanon,LBN,2016,5.27072382,33.854721,35.862285
Lebanon,LBN,2017,5.153989792,33.854721,35.862285
Lebanon,LBN,2018,5.167186737,33.854721,35.862285
Lesotho,LSO,2011,4.89751482,-29.609988,28.233608
Lesotho,LSO,2016,3.808204889,-29.609988,28.233608
Lesotho,LSO,2017,3.795300722,-29.609988,28.233608
Liberia,LBR,2007,3.701401234,6.428055,-9.429499
Liberia,LBR,2008,4.221354008,6.428055,-9.429499
Liberia,LBR,2010,4.196063042,6.428055,-9.429499
Liberia,LBR,2014,4.571419239,6.428055,-9.429499
Liberia,LBR,2015,2.701591253,6.428055,-9.429499
Liberia,LBR,2016,3.354676008,6.428055,-9.429499
Liberia,LBR,2017,4.424490929,6.428055,-9.429499
Liberia,LBR,2018,4.134852886,6.428055,-9.429499
Libya,LBY,2012,5.754394054,26.3351,17.228331
Libya,LBY,2015,5.615404606,26.3351,17.228331
Libya,LBY,2016,5.43358326,26.3351,17.228331
Libya,LBY,2017,5.646852493,26.3351,17.228331
Libya,LBY,2018,5.493977547,26.3351,17.228331
Lithuania,LTU,2006,5.954442978,55.169438,23.881275
Lithuania,LTU,2007,5.80828476,55.169438,23.881275
Lithuania,LTU,2008,5.553925991,55.169438,23.881275
Lithuania,LTU,2009,5.466920853,55.169438,23.881275
Lithuania,LTU,2010,5.065824986,55.169438,23.881275
Lithuania,LTU,2011,5.43243742,55.169438,23.881275
Lithuania,LTU,2012,5.771037102,55.169438,23.881275
Lithuania,LTU,2013,5.595689297,55.169438,23.881275
Lithuania,LTU,2014,6.125723839,55.169438,23.881275
Lithuania,LTU,2015,5.711378098,55.169438,23.881275
Lithuania,LTU,2016,5.865552425,55.169438,23.881275
Lithuania,LTU,2017,6.272940636,55.169438,23.881275
Lithuania,LTU,2018,6.308878899,55.169438,23.881275
Luxembourg,LUX,2009,6.957920074,49.815273,6.129583
Luxembourg,LUX,2010,7.097251892,49.815273,6.129583
Luxembourg,LUX,2011,7.101400375,49.815273,6.129583
Luxembourg,LUX,2012,6.964097023,49.815273,6.129583
Luxembourg,LUX,2013,7.130809307,49.815273,6.129583
Luxembourg,LUX,2014,6.89112711,49.815273,6.129583
Luxembourg,LUX,2015,6.701571465,49.815273,6.129583
Luxembourg,LUX,2016,6.967340946,49.815273,6.129583
Luxembourg,LUX,2017,7.061380863,49.815273,6.129583
Luxembourg,LUX,2018,7.242630959,49.815273,6.129583
Macedonia,MKD,2007,4.493598461,#N/A,#N/A
Macedonia,MKD,2009,4.428021908,#N/A,#N/A
Macedonia,MKD,2010,4.180202007,#N/A,#N/A
Macedonia,MKD,2011,4.898180008,#N/A,#N/A
Macedonia,MKD,2012,4.639647484,#N/A,#N/A
Macedonia,MKD,2013,5.186190605,#N/A,#N/A
Macedonia,MKD,2014,5.203825951,#N/A,#N/A
Macedonia,MKD,2015,4.975589752,#N/A,#N/A
Macedonia,MKD,2016,5.34574604,#N/A,#N/A
Macedonia,MKD,2017,5.233866692,#N/A,#N/A
Macedonia,MKD,2018,5.239834785,#N/A,#N/A
Madagascar,MDG,2006,3.979751348,-18.766947,46.869107
Madagascar,MDG,2008,4.640079021,-18.766947,46.869107
Madagascar,MDG,2011,4.381415367,-18.766947,46.869107
Madagascar,MDG,2012,3.550609589,-18.766947,46.869107
Madagascar,MDG,2013,3.815607071,-18.766947,46.869107
Madagascar,MDG,2014,3.675626993,-18.766947,46.869107
Madagascar,MDG,2015,3.592514038,-18.766947,46.869107
Madagascar,MDG,2016,3.663085938,-18.766947,46.869107
Madagascar,MDG,2017,4.078620434,-18.766947,46.869107
Madagascar,MDG,2018,4.070586681,-18.766947,46.869107
Malawi,MWI,2006,3.829868078,-13.254308,34.301525
Malawi,MWI,2007,4.89103651,-13.254308,34.301525
Malawi,MWI,2009,5.148239613,-13.254308,34.301525
Malawi,MWI,2011,3.946062565,-13.254308,34.301525
Malawi,MWI,2012,4.279269695,-13.254308,34.301525
Malawi,MWI,2013,4.035084248,-13.254308,34.301525
Malawi,MWI,2014,4.563080311,-13.254308,34.301525
Malawi,MWI,2015,3.86763835,-13.254308,34.301525
Malawi,MWI,2016,3.476492643,-13.254308,34.301525
Malawi,MWI,2017,3.416862965,-13.254308,34.301525
Malawi,MWI,2018,3.334633589,-13.254308,34.301525
Malaysia,MYS,2006,6.011716843,4.210484,101.975766
Malaysia,MYS,2007,6.238904476,4.210484,101.975766
Malaysia,MYS,2008,5.806781769,4.210484,101.975766
Malaysia,MYS,2009,5.384701729,4.210484,101.975766
Malaysia,MYS,2010,5.580281734,4.210484,101.975766
Malaysia,MYS,2011,5.786367416,4.210484,101.975766
Malaysia,MYS,2012,5.914283752,4.210484,101.975766
Malaysia,MYS,2013,5.770199776,4.210484,101.975766
Malaysia,MYS,2014,5.962921619,4.210484,101.975766
Malaysia,MYS,2015,6.322121143,4.210484,101.975766
Malaysia,MYS,2018,5.338817596,4.210484,101.975766
Mali,MLI,2006,4.014075756,17.570692,-3.996166
Mali,MLI,2008,4.114664078,17.570692,-3.996166
Mali,MLI,2009,3.976598501,17.570692,-3.996166
Mali,MLI,2010,3.762305021,17.570692,-3.996166
Mali,MLI,2011,4.666832924,17.570692,-3.996166
Mali,MLI,2012,4.313016891,17.570692,-3.996166
Mali,MLI,2013,3.676277161,17.570692,-3.996166
Mali,MLI,2014,3.974714279,17.570692,-3.996166
Mali,MLI,2015,4.582098484,17.570692,-3.996166
Mali,MLI,2016,4.016027927,17.570692,-3.996166
Mali,MLI,2017,4.741850376,17.570692,-3.996166
Mali,MLI,2018,4.415729523,17.570692,-3.996166
Malta,MLT,2009,6.32763958,35.937496,14.375416
Malta,MLT,2010,5.77387476,35.937496,14.375416
Malta,MLT,2011,6.154718399,35.937496,14.375416
Malta,MLT,2012,5.962872028,35.937496,14.375416
Malta,MLT,2013,6.379924774,35.937496,14.375416
Malta,MLT,2014,6.45211792,35.937496,14.375416
Malta,MLT,2015,6.61339426,35.937496,14.375416
Malta,MLT,2016,6.590842247,35.937496,14.375416
Malta,MLT,2017,6.675665855,35.937496,14.375416
Malta,MLT,2018,6.909710884,35.937496,14.375416
Mauritania,MRT,2007,4.149043083,21.00789,-10.940835
Mauritania,MRT,2008,4.248075008,21.00789,-10.940835
Mauritania,MRT,2009,4.500431538,21.00789,-10.940835
Mauritania,MRT,2010,4.772306919,21.00789,-10.940835
Mauritania,MRT,2011,4.784804344,21.00789,-10.940835
Mauritania,MRT,2012,4.673203945,21.00789,-10.940835
Mauritania,MRT,2013,4.199015141,21.00789,-10.940835
Mauritania,MRT,2014,4.482805252,21.00789,-10.940835
Mauritania,MRT,2015,3.922664165,21.00789,-10.940835
Mauritania,MRT,2016,4.472149372,21.00789,-10.940835
Mauritania,MRT,2017,4.678159714,21.00789,-10.940835
Mauritania,MRT,2018,4.313615322,21.00789,-10.940835
Mauritius,MUS,2011,5.477073193,-20.348404,57.552152
Mauritius,MUS,2014,5.647779942,-20.348404,57.552152
Mauritius,MUS,2016,5.610003471,-20.348404,57.552152
Mauritius,MUS,2017,6.174117565,-20.348404,57.552152
Mauritius,MUS,2018,5.88174057,-20.348404,57.552152
Mexico,MEX,2005,6.580657959,23.634501,-102.552784
Mexico,MEX,2007,6.525378227,23.634501,-102.552784
Mexico,MEX,2008,6.829036236,23.634501,-102.552784
Mexico,MEX,2009,6.962819099,23.634501,-102.552784
Mexico,MEX,2010,6.802388668,23.634501,-102.552784
Mexico,MEX,2011,6.909515381,23.634501,-102.552784
Mexico,MEX,2012,7.320185184,23.634501,-102.552784
Mexico,MEX,2013,7.442546368,23.634501,-102.552784
Mexico,MEX,2014,6.679831028,23.634501,-102.552784
Mexico,MEX,2015,6.236287117,23.634501,-102.552784
Mexico,MEX,2016,6.824172974,23.634501,-102.552784
Mexico,MEX,2017,6.410299301,23.634501,-102.552784
Mexico,MEX,2018,6.549578667,23.634501,-102.552784
Moldova,MDA,2006,5.102071285,47.411631,28.369885
Moldova,MDA,2007,4.774918079,47.411631,28.369885
Moldova,MDA,2008,5.502756119,47.411631,28.369885
Moldova,MDA,2009,5.554374218,47.411631,28.369885
Moldova,MDA,2010,5.589736462,47.411631,28.369885
Moldova,MDA,2011,5.792262554,47.411631,28.369885
Moldova,MDA,2012,5.995712757,47.411631,28.369885
Moldova,MDA,2013,5.75605917,47.411631,28.369885
Moldova,MDA,2014,5.917058468,47.411631,28.369885
Moldova,MDA,2015,6.017472267,47.411631,28.369885
Moldova,MDA,2016,5.577784061,47.411631,28.369885
Moldova,MDA,2017,5.325530529,47.411631,28.369885
Moldova,MDA,2018,5.682277203,47.411631,28.369885
Mongolia,MNG,2007,4.609059334,46.862496,103.846656
Mongolia,MNG,2008,4.493010044,46.862496,103.846656
Mongolia,MNG,2010,4.585523605,46.862496,103.846656
Mongolia,MNG,2011,5.031173706,46.862496,103.846656
Mongolia,MNG,2012,4.885150433,46.862496,103.846656
Mongolia,MNG,2013,4.912928104,46.862496,103.846656
Mongolia,MNG,2014,4.824834824,46.862496,103.846656
Mongolia,MNG,2015,4.982719898,46.862496,103.846656
Mongolia,MNG,2016,5.056999683,46.862496,103.846656
Mongolia,MNG,2017,5.333850384,46.862496,103.846656
Mongolia,MNG,2018,5.464622974,46.862496,103.846656
Montenegro,MNE,2007,5.196315289,42.708678,19.37439
Montenegro,MNE,2009,4.8010602,42.708678,19.37439
Montenegro,MNE,2010,5.455030441,42.708678,19.37439
Montenegro,MNE,2011,5.223116875,42.708678,19.37439
Montenegro,MNE,2012,5.218724251,42.708678,19.37439
Montenegro,MNE,2013,5.074341774,42.708678,19.37439
Montenegro,MNE,2014,5.282720566,42.708678,19.37439
Montenegro,MNE,2015,5.124921322,42.708678,19.37439
Montenegro,MNE,2016,5.304066181,42.708678,19.37439
Montenegro,MNE,2017,5.614798546,42.708678,19.37439
Montenegro,MNE,2018,5.650189877,42.708678,19.37439
Morocco,MAR,2010,4.383247375,31.791702,-7.09262
Morocco,MAR,2011,5.084972858,31.791702,-7.09262
Morocco,MAR,2012,4.969656467,31.791702,-7.09262
Morocco,MAR,2013,5.142160416,31.791702,-7.09262
Morocco,MAR,2015,5.163156986,31.791702,-7.09262
Morocco,MAR,2016,5.38630724,31.791702,-7.09262
Morocco,MAR,2017,5.312482834,31.791702,-7.09262
Morocco,MAR,2018,4.896791935,31.791702,-7.09262
Mozambique,MOZ,2006,4.594879627,-18.665695,35.529562
Mozambique,MOZ,2007,4.832634926,-18.665695,35.529562
Mozambique,MOZ,2008,4.65358305,-18.665695,35.529562
Mozambique,MOZ,2011,4.971111774,-18.665695,35.529562
Mozambique,MOZ,2015,4.549767494,-18.665695,35.529562
Mozambique,MOZ,2017,4.279863358,-18.665695,35.529562
Mozambique,MOZ,2018,4.653713703,-18.665695,35.529562
Myanmar,MMR,2012,4.438939571,#N/A,#N/A
Myanmar,MMR,2013,4.175670624,#N/A,#N/A
Myanmar,MMR,2014,4.786247253,#N/A,#N/A
Myanmar,MMR,2015,4.223846436,#N/A,#N/A
Myanmar,MMR,2016,4.623119831,#N/A,#N/A
Myanmar,MMR,2017,4.154341698,#N/A,#N/A
Myanmar,MMR,2018,4.410633087,#N/A,#N/A
Namibia,NAM,2007,4.885587215,-22.95764,18.49041
Namibia,NAM,2014,4.573991299,-22.95764,18.49041
Namibia,NAM,2017,4.441306114,-22.95764,18.49041
Namibia,NAM,2018,4.834087849,-22.95764,18.49041
Nepal,NPL,2006,4.566594601,28.394857,84.124008
Nepal,NPL,2007,4.74828434,28.394857,84.124008
Nepal,NPL,2008,4.440526485,28.394857,84.124008
Nepal,NPL,2009,4.91686821,28.394857,84.124008
Nepal,NPL,2010,4.349675179,28.394857,84.124008
Nepal,NPL,2011,3.809444666,28.394857,84.124008
Nepal,NPL,2012,4.233244896,28.394857,84.124008
Nepal,NPL,2013,4.604576588,28.394857,84.124008
Nepal,NPL,2014,4.975014687,28.394857,84.124008
Nepal,NPL,2015,4.812436581,28.394857,84.124008
Nepal,NPL,2016,5.099539757,28.394857,84.124008
Nepal,NPL,2017,4.736692429,28.394857,84.124008
Nepal,NPL,2018,4.910086632,28.394857,84.124008
Netherlands,NLD,2005,7.463979244,52.132633,5.291266
Netherlands,NLD,2007,7.451879501,52.132633,5.291266
Netherlands,NLD,2008,7.631011963,52.132633,5.291266
Netherlands,NLD,2010,7.501875877,52.132633,5.291266
Netherlands,NLD,2011,7.563797951,52.132633,5.291266
Netherlands,NLD,2012,7.470715523,52.132633,5.291266
Netherlands,NLD,2013,7.406550407,52.132633,5.291266
Netherlands,NLD,2014,7.32118845,52.132633,5.291266
Netherlands,NLD,2015,7.324437141,52.132633,5.291266
Netherlands,NLD,2016,7.540877342,52.132633,5.291266
Netherlands,NLD,2017,7.458965302,52.132633,5.291266
Netherlands,NLD,2018,7.463097095,52.132633,5.291266
New Zealand,NZL,2006,7.305014133,-40.900557,174.885971
New Zealand,NZL,2007,7.604173183,-40.900557,174.885971
New Zealand,NZL,2008,7.38117075,-40.900557,174.885971
New Zealand,NZL,2010,7.223756313,-40.900557,174.885971
New Zealand,NZL,2011,7.190638065,-40.900557,174.885971
New Zealand,NZL,2012,7.249629974,-40.900557,174.885971
New Zealand,NZL,2013,7.280151844,-40.900557,174.885971
New Zealand,NZL,2014,7.305892467,-40.900557,174.885971
New Zealand,NZL,2015,7.418120861,-40.900557,174.885971
New Zealand,NZL,2016,7.225687981,-40.900557,174.885971
New Zealand,NZL,2017,7.32718277,-40.900557,174.885971
New Zealand,NZL,2018,7.370285988,-40.900557,174.885971
Nicaragua,NIC,2006,4.460158348,12.865416,-85.207229
Nicaragua,NIC,2007,4.944090843,12.865416,-85.207229
Nicaragua,NIC,2008,5.103827477,12.865416,-85.207229
Nicaragua,NIC,2009,5.352804661,12.865416,-85.207229
Nicaragua,NIC,2010,5.68669939,12.865416,-85.207229
Nicaragua,NIC,2011,5.385705471,12.865416,-85.207229
Nicaragua,NIC,2012,5.448006153,12.865416,-85.207229
Nicaragua,NIC,2013,5.772274971,12.865416,-85.207229
Nicaragua,NIC,2014,6.275266647,12.865416,-85.207229
Nicaragua,NIC,2015,5.924112797,12.865416,-85.207229
Nicaragua,NIC,2016,6.012739658,12.865416,-85.207229
Nicaragua,NIC,2017,6.476356506,12.865416,-85.207229
Nicaragua,NIC,2018,5.81895256,12.865416,-85.207229
Niger,NER,2006,3.736951828,17.607789,8.081666
Niger,NER,2007,4.277402401,17.607789,8.081666
Niger,NER,2008,4.235657215,17.607789,8.081666
Niger,NER,2009,4.267169952,17.607789,8.081666
Niger,NER,2010,4.101016045,17.607789,8.081666
Niger,NER,2011,4.555829525,17.607789,8.081666
Niger,NER,2012,3.798088312,17.607789,8.081666
Niger,NER,2013,3.716329813,17.607789,8.081666
Niger,NER,2014,4.180943489,17.607789,8.081666
Niger,NER,2015,3.671453714,17.607789,8.081666
Niger,NER,2016,4.234645844,17.607789,8.081666
Niger,NER,2017,4.615673542,17.607789,8.081666
Niger,NER,2018,5.164007187,17.607789,8.081666
Nigeria,NGA,2006,4.709745884,9.081999,8.675277
Nigeria,NGA,2007,4.890419483,9.081999,8.675277
Nigeria,NGA,2008,4.938560486,9.081999,8.675277
Nigeria,NGA,2009,4.980220318,9.081999,8.675277
Nigeria,NGA,2010,4.760275841,9.081999,8.675277
Nigeria,NGA,2012,5.492954254,9.081999,8.675277
Nigeria,NGA,2013,4.81786871,9.081999,8.675277
Nigeria,NGA,2015,4.932914734,9.081999,8.675277
Nigeria,NGA,2016,5.219567776,9.081999,8.675277
Nigeria,NGA,2017,5.321928024,9.081999,8.675277
Nigeria,NGA,2018,5.252288342,9.081999,8.675277
Northern Cyprus,OWID_CYN,2012,5.463305473,#N/A,#N/A
Northern Cyprus,OWID_CYN,2013,5.566802502,#N/A,#N/A
Northern Cyprus,OWID_CYN,2014,5.785978794,#N/A,#N/A
Northern Cyprus,OWID_CYN,2015,5.842550278,#N/A,#N/A
Northern Cyprus,OWID_CYN,2016,5.827127934,#N/A,#N/A
Northern Cyprus,OWID_CYN,2018,5.608056068,#N/A,#N/A
Norway,NOR,2006,7.415682316,60.472024,8.468946
Norway,NOR,2008,7.632287502,60.472024,8.468946
Norway,NOR,2012,7.678277016,60.472024,8.468946
Norway,NOR,2014,7.444470882,60.472024,8.468946
Norway,NOR,2015,7.603433609,60.472024,8.468946
Norway,NOR,2016,7.596331596,60.472024,8.468946
Norway,NOR,2017,7.578744888,60.472024,8.468946
Norway,NOR,2018,7.444262028,60.472024,8.468946
Oman,OMN,2011,6.852982044,21.512583,55.923255
Pakistan,PAK,2005,5.224657536,30.375321,69.345116
Pakistan,PAK,2007,5.671460629,30.375321,69.345116
Pakistan,PAK,2008,4.413918972,30.375321,69.345116
Pakistan,PAK,2009,5.208146572,30.375321,69.345116
Pakistan,PAK,2010,5.786132813,30.375321,69.345116
Pakistan,PAK,2011,5.267186165,30.375321,69.345116
Pakistan,PAK,2012,5.131565094,30.375321,69.345116
Pakistan,PAK,2013,5.138082504,30.375321,69.345116
Pakistan,PAK,2014,5.435657978,30.375321,69.345116
Pakistan,PAK,2015,4.823194981,30.375321,69.345116
Pakistan,PAK,2016,5.548508167,30.375321,69.345116
Pakistan,PAK,2017,5.830870628,30.375321,69.345116
Pakistan,PAK,2018,5.471553802,30.375321,69.345116
Palestine,PSE,2006,4.716387749,#N/A,#N/A
Palestine,PSE,2007,4.151053905,#N/A,#N/A
Palestine,PSE,2008,4.385603428,#N/A,#N/A
Palestine,PSE,2009,4.470191479,#N/A,#N/A
Palestine,PSE,2010,4.702603817,#N/A,#N/A
Palestine,PSE,2011,4.751219749,#N/A,#N/A
Palestine,PSE,2012,4.646608353,#N/A,#N/A
Palestine,PSE,2013,4.844027996,#N/A,#N/A
Palestine,PSE,2014,4.721938133,#N/A,#N/A
Palestine,PSE,2015,4.695239067,#N/A,#N/A
Palestine,PSE,2016,4.906618118,#N/A,#N/A
Palestine,PSE,2017,4.62813282,#N/A,#N/A
Palestine,PSE,2018,4.5539217,#N/A,#N/A
Panama,PAN,2006,6.127988338,8.537981,-80.782127
Panama,PAN,2007,6.894139767,8.537981,-80.782127
Panama,PAN,2008,6.930903435,8.537981,-80.782127
Panama,PAN,2009,7.033740044,8.537981,-80.782127
Panama,PAN,2010,7.3214674,8.537981,-80.782127
Panama,PAN,2011,7.24808073,8.537981,-80.782127
Panama,PAN,2012,6.859835625,8.537981,-80.782127
Panama,PAN,2013,6.86648035,8.537981,-80.782127
Panama,PAN,2014,6.631171227,8.537981,-80.782127
Panama,PAN,2015,6.605550289,8.537981,-80.782127
Panama,PAN,2016,6.117638111,8.537981,-80.782127
Panama,PAN,2017,6.567658901,8.537981,-80.782127
Panama,PAN,2018,6.281434059,8.537981,-80.782127
Paraguay,PRY,2006,4.730082035,-23.442503,-58.443832
Paraguay,PRY,2007,5.272461414,-23.442503,-58.443832
Paraguay,PRY,2008,5.570061684,-23.442503,-58.443832
Paraguay,PRY,2009,5.576147079,-23.442503,-58.443832
Paraguay,PRY,2010,5.841174126,-23.442503,-58.443832
Paraguay,PRY,2011,5.677080631,-23.442503,-58.443832
Paraguay,PRY,2012,5.820058346,-23.442503,-58.443832
Paraguay,PRY,2013,5.936240673,-23.442503,-58.443832
Paraguay,PRY,2014,5.118641853,-23.442503,-58.443832
Paraguay,PRY,2015,5.559724331,-23.442503,-58.443832
Paraguay,PRY,2016,5.801380157,-23.442503,-58.443832
Paraguay,PRY,2017,5.71329546,-23.442503,-58.443832
Peru,PER,2006,4.810845375,-9.189967,-75.015152
Peru,PER,2007,5.213962078,-9.189967,-75.015152
Peru,PER,2008,5.129230976,-9.189967,-75.015152
Peru,PER,2009,5.518846989,-9.189967,-75.015152
Peru,PER,2010,5.612785339,-9.189967,-75.015152
Peru,PER,2011,5.892457485,-9.189967,-75.015152
Peru,PER,2012,5.824557304,-9.189967,-75.015152
Peru,PER,2013,5.782557487,-9.189967,-75.015152
Peru,PER,2014,5.865815639,-9.189967,-75.015152
Peru,PER,2015,5.577263355,-9.189967,-75.015152
Peru,PER,2016,5.700628757,-9.189967,-75.015152
Peru,PER,2017,5.710936546,-9.189967,-75.015152
Peru,PER,2018,5.679661274,-9.189967,-75.015152
Philippines,PHL,2006,4.669945717,12.879721,121.774017
Philippines,PHL,2007,5.073562145,12.879721,121.774017
Philippines,PHL,2008,4.589065075,12.879721,121.774017
Philippines,PHL,2009,4.879910946,12.879721,121.774017
Philippines,PHL,2010,4.941514015,12.879721,121.774017
Philippines,PHL,2011,4.993956566,12.879721,121.774017
Philippines,PHL,2012,5.001965046,12.879721,121.774017
Philippines,PHL,2013,4.976925373,12.879721,121.774017
Philippines,PHL,2014,5.312550068,12.879721,121.774017
Philippines,PHL,2015,5.547489166,12.879721,121.774017
Philippines,PHL,2016,5.430832863,12.879721,121.774017
Philippines,PHL,2017,5.594270229,12.879721,121.774017
Philippines,PHL,2018,5.869172573,12.879721,121.774017
Poland,POL,2005,5.587209225,51.919438,19.145136
Poland,POL,2007,5.886137486,51.919438,19.145136
Poland,POL,2009,5.772027493,51.919438,19.145136
Poland,POL,2010,5.887029648,51.919438,19.145136
Poland,POL,2011,5.646204948,51.919438,19.145136
Poland,POL,2012,5.87593174,51.919438,19.145136
Poland,POL,2013,5.746131897,51.919438,19.145136
Poland,POL,2014,5.750282288,51.919438,19.145136
Poland,POL,2015,6.007021904,51.919438,19.145136
Poland,POL,2016,6.162076473,51.919438,19.145136
Poland,POL,2017,6.201268196,51.919438,19.145136
Portugal,PRT,2006,5.405246258,39.399872,-8.224454
Portugal,PRT,2008,5.716966629,39.399872,-8.224454
Portugal,PRT,2010,5.094525814,39.399872,-8.224454
Portugal,PRT,2011,5.219997883,39.399872,-8.224454
Portugal,PRT,2012,4.993962288,39.399872,-8.224454
Portugal,PRT,2013,5.157688141,39.399872,-8.224454
Portugal,PRT,2014,5.12691164,39.399872,-8.224454
Portugal,PRT,2015,5.080866337,39.399872,-8.224454
Portugal,PRT,2016,5.446637154,39.399872,-8.224454
Portugal,PRT,2017,5.711499214,39.399872,-8.224454
Portugal,PRT,2018,5.919822693,39.399872,-8.224454
Qatar,QAT,2009,6.417824268,25.354826,51.183884
Qatar,QAT,2010,6.849652767,25.354826,51.183884
Qatar,QAT,2011,6.591604233,25.354826,51.183884
Qatar,QAT,2012,6.611298561,25.354826,51.183884
Qatar,QAT,2015,6.374529362,25.354826,51.183884
Romania,ROU,2005,5.048648357,45.943161,24.96676
Romania,ROU,2007,5.393723965,45.943161,24.96676
Romania,ROU,2009,5.367565155,45.943161,24.96676
Romania,ROU,2010,4.909165859,45.943161,24.96676
Romania,ROU,2011,5.02275753,45.943161,24.96676
Romania,ROU,2012,5.166874886,45.943161,24.96676
Romania,ROU,2013,5.081584454,45.943161,24.96676
Romania,ROU,2014,5.726893425,45.943161,24.96676
Romania,ROU,2015,5.777491093,45.943161,24.96676
Romania,ROU,2016,5.96887064,45.943161,24.96676
Romania,ROU,2017,6.089904785,45.943161,24.96676
Romania,ROU,2018,6.150878906,45.943161,24.96676
Russia,RUS,2006,4.963742733,61.52401,105.318756
Russia,RUS,2007,5.222867489,61.52401,105.318756
Russia,RUS,2008,5.61875391,61.52401,105.318756
Russia,RUS,2009,5.158227921,61.52401,105.318756
Russia,RUS,2010,5.384773254,61.52401,105.318756
Russia,RUS,2011,5.388766289,61.52401,105.318756
Russia,RUS,2012,5.620735645,61.52401,105.318756
Russia,RUS,2013,5.537177563,61.52401,105.318756
Russia,RUS,2014,6.036976814,61.52401,105.318756
Russia,RUS,2015,5.995538712,61.52401,105.318756
Russia,RUS,2016,5.85494566,61.52401,105.318756
Russia,RUS,2017,5.578742981,61.52401,105.318756
Russia,RUS,2018,5.513500214,61.52401,105.318756
Rwanda,RWA,2006,4.21470356,-1.940278,29.873888
Rwanda,RWA,2008,4.362988949,-1.940278,29.873888
Rwanda,RWA,2009,4.029761791,-1.940278,29.873888
Rwanda,RWA,2011,4.097435951,-1.940278,29.873888
Rwanda,RWA,2012,3.333047867,-1.940278,29.873888
Rwanda,RWA,2013,3.466387749,-1.940278,29.873888
Rwanda,RWA,2014,3.595678329,-1.940278,29.873888
Rwanda,RWA,2015,3.483108997,-1.940278,29.873888
Rwanda,RWA,2016,3.332989931,-1.940278,29.873888
Rwanda,RWA,2017,3.10837388,-1.940278,29.873888
Rwanda,RWA,2018,3.5610466,-1.940278,29.873888
Saudi Arabia,SAU,2005,7.079644203,23.885942,45.079162
Saudi Arabia,SAU,2007,7.266694069,23.885942,45.079162
Saudi Arabia,SAU,2008,6.811370373,23.885942,45.079162
Saudi Arabia,SAU,2009,6.14759016,23.885942,45.079162
Saudi Arabia,SAU,2010,6.307098389,23.885942,45.079162
Saudi Arabia,SAU,2011,6.699789524,23.885942,45.079162
Saudi Arabia,SAU,2012,6.396359444,23.885942,45.079162
Saudi Arabia,SAU,2013,6.495132923,23.885942,45.079162
Saudi Arabia,SAU,2014,6.27837801,23.885942,45.079162
Saudi Arabia,SAU,2015,6.345491886,23.885942,45.079162
Saudi Arabia,SAU,2016,6.473921299,23.885942,45.079162
Saudi Arabia,SAU,2017,6.294282436,23.885942,45.079162
Saudi Arabia,SAU,2018,6.356393337,23.885942,45.079162
Senegal,SEN,2006,4.417352676,14.497401,-14.452362
Senegal,SEN,2007,4.679986954,14.497401,-14.452362
Senegal,SEN,2008,4.683499813,14.497401,-14.452362
Senegal,SEN,2009,4.335114002,14.497401,-14.452362
Senegal,SEN,2010,4.372156143,14.497401,-14.452362
Senegal,SEN,2011,3.834201574,14.497401,-14.452362
Senegal,SEN,2012,3.668736935,14.497401,-14.452362
Senegal,SEN,2013,3.647367001,14.497401,-14.452362
Senegal,SEN,2014,4.394777298,14.497401,-14.452362
Senegal,SEN,2015,4.61700058,14.497401,-14.452362
Senegal,SEN,2016,4.59453392,14.497401,-14.452362
Senegal,SEN,2017,4.683024883,14.497401,-14.452362
Senegal,SEN,2018,4.769377232,14.497401,-14.452362
Serbia,SRB,2007,4.750383854,44.016521,21.005859
Serbia,SRB,2009,4.380311966,44.016521,21.005859
Serbia,SRB,2010,4.461304188,44.016521,21.005859
Serbia,SRB,2011,4.815186501,44.016521,21.005859
Serbia,SRB,2012,5.154521942,44.016521,21.005859
Serbia,SRB,2013,5.101840496,44.016521,21.005859
Serbia,SRB,2014,5.112728596,44.016521,21.005859
Serbia,SRB,2015,5.317685127,44.016521,21.005859
Serbia,SRB,2016,5.752754688,44.016521,21.005859
Serbia,SRB,2017,5.122031212,44.016521,21.005859
Serbia,SRB,2018,5.936493397,44.016521,21.005859
Sierra Leone,SLE,2006,3.628185034,8.460555,-11.779889
Sierra Leone,SLE,2007,3.585127354,8.460555,-11.779889
Sierra Leone,SLE,2008,2.997251034,8.460555,-11.779889
Sierra Leone,SLE,2010,4.133955956,8.460555,-11.779889
Sierra Leone,SLE,2011,4.501643658,8.460555,-11.779889
Sierra Leone,SLE,2013,4.514291286,8.460555,-11.779889
Sierra Leone,SLE,2014,4.499970436,8.460555,-11.779889
Sierra Leone,SLE,2015,4.908617973,8.460555,-11.779889
Sierra Leone,SLE,2016,4.732953072,8.460555,-11.779889
Sierra Leone,SLE,2017,4.089562416,8.460555,-11.779889
Sierra Leone,SLE,2018,4.305683136,8.460555,-11.779889
Singapore,SGP,2006,6.462702751,1.352083,103.819836
Singapore,SGP,2007,6.833754539,1.352083,103.819836
Singapore,SGP,2008,6.641956806,1.352083,103.819836
Singapore,SGP,2009,6.144676685,1.352083,103.819836
Singapore,SGP,2010,6.531401634,1.352083,103.819836
Singapore,SGP,2011,6.561041832,1.352083,103.819836
Singapore,SGP,2013,6.53320694,1.352083,103.819836
Singapore,SGP,2014,7.062364578,1.352083,103.819836
Singapore,SGP,2015,6.619524956,1.352083,103.819836
Singapore,SGP,2016,6.033480644,1.352083,103.819836
Singapore,SGP,2017,6.378437996,1.352083,103.819836
Singapore,SGP,2018,6.374564171,1.352083,103.819836
Slovakia,SVK,2006,5.264676571,48.669026,19.699024
Slovakia,SVK,2010,6.052223206,48.669026,19.699024
Slovakia,SVK,2011,5.945048332,48.669026,19.699024
Slovakia,SVK,2012,5.91105938,48.669026,19.699024
Slovakia,SVK,2013,5.936527252,48.669026,19.699024
Slovakia,SVK,2014,6.1388731,48.669026,19.699024
Slovakia,SVK,2015,6.162004471,48.669026,19.699024
Slovakia,SVK,2016,5.993163109,48.669026,19.699024
Slovakia,SVK,2017,6.365509033,48.669026,19.699024
Slovakia,SVK,2018,6.23511076,48.669026,19.699024
Slovenia,SVN,2006,5.811264515,46.151241,14.995463
Slovenia,SVN,2009,5.830160618,46.151241,14.995463
Slovenia,SVN,2010,6.082555294,46.151241,14.995463
Slovenia,SVN,2011,6.035964012,46.151241,14.995463
Slovenia,SVN,2012,6.062891006,46.151241,14.995463
Slovenia,SVN,2013,5.974888802,46.151241,14.995463
Slovenia,SVN,2014,5.678395271,46.151241,14.995463
Slovenia,SVN,2015,5.740642071,46.151241,14.995463
Slovenia,SVN,2016,5.936821461,46.151241,14.995463
Slovenia,SVN,2017,6.166837692,46.151241,14.995463
Slovenia,SVN,2018,6.249419212,46.151241,14.995463
Somalia,SOM,2009,4.991399765,5.152149,46.199616
Somalia,SOM,2010,4.657363415,5.152149,46.199616
Somalia,SOM,2011,4.930571556,5.152149,46.199616
Somalia,SOM,2012,5.057314396,5.152149,46.199616
Somalia,SOM,2014,5.528272629,5.152149,46.199616
Somalia,SOM,2015,5.353644848,5.152149,46.199616
Somalia,SOM,2016,4.667941093,5.152149,46.199616
South Africa,ZAF,2006,5.083986759,-30.559482,22.937506
South Africa,ZAF,2007,5.204454422,-30.559482,22.937506
South Africa,ZAF,2008,5.346306801,-30.559482,22.937506
South Africa,ZAF,2009,5.218430996,-30.559482,22.937506
South Africa,ZAF,2010,4.652428627,-30.559482,22.937506
South Africa,ZAF,2011,4.930511475,-30.559482,22.937506
South Africa,ZAF,2012,5.133887768,-30.559482,22.937506
South Africa,ZAF,2013,3.660727262,-30.559482,22.937506
South Africa,ZAF,2014,4.828456402,-30.559482,22.937506
South Africa,ZAF,2015,4.887325764,-30.559482,22.937506
South Africa,ZAF,2016,4.769739628,-30.559482,22.937506
South Africa,ZAF,2017,4.513655186,-30.559482,22.937506
South Africa,ZAF,2018,4.8839221,-30.559482,22.937506
South Korea,KOR,2006,5.332177639,35.907757,127.766922
South Korea,KOR,2007,5.76727581,35.907757,127.766922
South Korea,KOR,2008,5.389624596,35.907757,127.766922
South Korea,KOR,2009,5.647689819,35.907757,127.766922
South Korea,KOR,2010,6.116024494,35.907757,127.766922
South Korea,KOR,2011,6.946599007,35.907757,127.766922
South Korea,KOR,2012,6.003286839,35.907757,127.766922
South Korea,KOR,2013,5.958809853,35.907757,127.766922
South Korea,KOR,2014,5.801325321,35.907757,127.766922
South Korea,KOR,2015,5.780211449,35.907757,127.766922
South Korea,KOR,2016,5.970564365,35.907757,127.766922
South Korea,KOR,2017,5.873887062,35.907757,127.766922
South Korea,KOR,2018,5.840231419,35.907757,127.766922
South Sudan,SSD,2014,3.831992388,#N/A,#N/A
South Sudan,SSD,2015,4.070771217,#N/A,#N/A
South Sudan,SSD,2016,2.888112307,#N/A,#N/A
South Sudan,SSD,2017,2.816622496,#N/A,#N/A
Spain,ESP,2005,7.152785778,40.463667,-3.74922
Spain,ESP,2007,6.994614601,40.463667,-3.74922
Spain,ESP,2008,7.294472694,40.463667,-3.74922
Spain,ESP,2009,6.198601246,40.463667,-3.74922
Spain,ESP,2010,6.188262463,40.463667,-3.74922
Spain,ESP,2011,6.518249035,40.463667,-3.74922
Spain,ESP,2012,6.290690422,40.463667,-3.74922
Spain,ESP,2013,6.150027275,40.463667,-3.74922
Spain,ESP,2014,6.456477642,40.463667,-3.74922
Spain,ESP,2015,6.380663395,40.463667,-3.74922
Spain,ESP,2016,6.318612099,40.463667,-3.74922
Spain,ESP,2017,6.230173111,40.463667,-3.74922
Spain,ESP,2018,6.513370991,40.463667,-3.74922
Sri Lanka,LKA,2006,4.344610691,7.873054,80.771797
Sri Lanka,LKA,2007,4.414805412,7.873054,80.771797
Sri Lanka,LKA,2008,4.430846214,7.873054,80.771797
Sri Lanka,LKA,2009,4.212026596,7.873054,80.771797
Sri Lanka,LKA,2010,3.976905107,7.873054,80.771797
Sri Lanka,LKA,2011,4.180569172,7.873054,80.771797
Sri Lanka,LKA,2012,4.224593163,7.873054,80.771797
Sri Lanka,LKA,2013,4.364694118,7.873054,80.771797
Sri Lanka,LKA,2014,4.267932892,7.873054,80.771797
Sri Lanka,LKA,2015,4.611606598,7.873054,80.771797
Sri Lanka,LKA,2017,4.330945492,7.873054,80.771797
Sri Lanka,LKA,2018,4.400223255,7.873054,80.771797
Sudan,SDN,2009,4.454917431,12.862807,30.217636
Sudan,SDN,2010,4.435159683,12.862807,30.217636
Sudan,SDN,2011,4.314456463,12.862807,30.217636
Sudan,SDN,2012,4.550499439,12.862807,30.217636
Sudan,SDN,2014,4.138672829,12.862807,30.217636
Suriname,SUR,2012,6.269286633,3.919305,-56.027783
Swaziland,SWZ,2011,4.867091179,-26.522503,31.465866
Swaziland,SWZ,2018,4.211565018,-26.522503,31.465866
Sweden,SWE,2005,7.376315594,60.128161,18.643501
Sweden,SWE,2007,7.241362572,60.128161,18.643501
Sweden,SWE,2008,7.51599741,60.128161,18.643501
Sweden,SWE,2009,7.265977383,60.128161,18.643501
Sweden,SWE,2010,7.496018887,60.128161,18.643501
Sweden,SWE,2011,7.382232189,60.128161,18.643501
Sweden,SWE,2012,7.560147762,60.128161,18.643501
Sweden,SWE,2013,7.434010506,60.128161,18.643501
Sweden,SWE,2014,7.239147663,60.128161,18.643501
Sweden,SWE,2015,7.28892231,60.128161,18.643501
Sweden,SWE,2016,7.368744373,60.128161,18.643501
Sweden,SWE,2017,7.286804676,60.128161,18.643501
Sweden,SWE,2018,7.374792099,60.128161,18.643501
Switzerland,CHE,2006,7.473252773,46.818188,8.227512
Switzerland,CHE,2009,7.524520874,46.818188,8.227512
Switzerland,CHE,2012,7.776208878,46.818188,8.227512
Switzerland,CHE,2014,7.492803574,46.818188,8.227512
Switzerland,CHE,2015,7.572136879,46.818188,8.227512
Switzerland,CHE,2016,7.458519936,46.818188,8.227512
Switzerland,CHE,2017,7.473593235,46.818188,8.227512
Switzerland,CHE,2018,7.508586884,46.818188,8.227512
Syria,SYR,2008,5.32333231,34.802075,38.996815
Syria,SYR,2009,4.978970528,34.802075,38.996815
Syria,SYR,2010,4.464707851,34.802075,38.996815
Syria,SYR,2011,4.037889481,34.802075,38.996815
Syria,SYR,2012,3.164491177,34.802075,38.996815
Syria,SYR,2013,2.687552929,34.802075,38.996815
Syria,SYR,2015,3.46191287,34.802075,38.996815
Taiwan,TWN,2006,6.189050198,23.69781,120.960515
Taiwan,TWN,2008,5.547682285,23.69781,120.960515
Taiwan,TWN,2010,6.228530884,23.69781,120.960515
Taiwan,TWN,2011,6.308915138,23.69781,120.960515
Taiwan,TWN,2012,6.125916958,23.69781,120.960515
Taiwan,TWN,2013,6.340344429,23.69781,120.960515
Taiwan,TWN,2014,6.36349678,23.69781,120.960515
Taiwan,TWN,2015,6.450088024,23.69781,120.960515
Taiwan,TWN,2016,6.512850761,23.69781,120.960515
Taiwan,TWN,2017,6.359450817,23.69781,120.960515
Taiwan,TWN,2018,6.467004776,23.69781,120.960515
Tajikistan,TJK,2006,4.613099098,38.861034,71.276093
Tajikistan,TJK,2007,4.431608677,38.861034,71.276093
Tajikistan,TJK,2008,5.063986778,38.861034,71.276093
Tajikistan,TJK,2009,4.575174809,38.861034,71.276093
Tajikistan,TJK,2010,4.380636215,38.861034,71.276093
Tajikistan,TJK,2011,4.262671471,38.861034,71.276093
Tajikistan,TJK,2012,4.496571541,38.861034,71.276093
Tajikistan,TJK,2013,4.966521263,38.861034,71.276093
Tajikistan,TJK,2014,4.896157742,38.861034,71.276093
Tajikistan,TJK,2015,5.124210835,38.861034,71.276093
Tajikistan,TJK,2016,5.103721142,38.861034,71.276093
Tajikistan,TJK,2017,5.829234123,38.861034,71.276093
Tanzania,TZA,2006,3.922484159,-6.369028,34.888822
Tanzania,TZA,2007,4.317949772,-6.369028,34.888822
Tanzania,TZA,2008,4.384741783,-6.369028,34.888822
Tanzania,TZA,2009,3.407507896,-6.369028,34.888822
Tanzania,TZA,2010,3.229129076,-6.369028,34.888822
Tanzania,TZA,2011,4.073562145,-6.369028,34.888822
Tanzania,TZA,2012,4.006897449,-6.369028,34.888822
Tanzania,TZA,2013,3.852394819,-6.369028,34.888822
Tanzania,TZA,2014,3.483278513,-6.369028,34.888822
Tanzania,TZA,2015,3.660597324,-6.369028,34.888822
Tanzania,TZA,2016,2.90273428,-6.369028,34.888822
Tanzania,TZA,2017,3.347121239,-6.369028,34.888822
Tanzania,TZA,2018,3.445023298,-6.369028,34.888822
Thailand,THA,2006,5.88543272,15.870032,100.992541
Thailand,THA,2007,5.783891201,15.870032,100.992541
Thailand,THA,2008,5.636471272,15.870032,100.992541
Thailand,THA,2009,5.475645065,15.870032,100.992541
Thailand,THA,2010,6.216702938,15.870032,100.992541
Thailand,THA,2011,6.663609028,15.870032,100.992541
Thailand,THA,2012,6.300235271,15.870032,100.992541
Thailand,THA,2013,6.231024742,15.870032,100.992541
Thailand,THA,2014,6.985463619,15.870032,100.992541
Thailand,THA,2015,6.201762676,15.870032,100.992541
Thailand,THA,2016,6.07363987,15.870032,100.992541
Thailand,THA,2017,5.938895226,15.870032,100.992541
Thailand,THA,2018,6.011561871,15.870032,100.992541
Togo,TGO,2006,3.202429295,8.619543,0.824782
Togo,TGO,2008,2.807855129,8.619543,0.824782
Togo,TGO,2011,2.936220884,8.619543,0.824782
Togo,TGO,2014,2.83895874,8.619543,0.824782
Togo,TGO,2015,3.768301964,8.619543,0.824782
Togo,TGO,2016,3.878578424,8.619543,0.824782
Togo,TGO,2017,4.360805035,8.619543,0.824782
Togo,TGO,2018,4.022894859,8.619543,0.824782
Trinidad and Tobago,TTO,2006,5.832188606,10.691803,-61.222503
Trinidad and Tobago,TTO,2008,6.696444035,10.691803,-61.222503
Trinidad and Tobago,TTO,2011,6.518745899,10.691803,-61.222503
Trinidad and Tobago,TTO,2013,6.167706966,10.691803,-61.222503
Trinidad and Tobago,TTO,2017,6.191859722,10.691803,-61.222503
Tunisia,TUN,2009,5.025470257,33.886917,9.537499
Tunisia,TUN,2010,5.130520821,33.886917,9.537499
Tunisia,TUN,2011,4.87648201,33.886917,9.537499
Tunisia,TUN,2012,4.463531017,33.886917,9.537499
Tunisia,TUN,2013,5.245604992,33.886917,9.537499
Tunisia,TUN,2014,4.763594627,33.886917,9.537499
Tunisia,TUN,2015,5.131611824,33.886917,9.537499
Tunisia,TUN,2016,4.521453381,33.886917,9.537499
Tunisia,TUN,2017,4.124342918,33.886917,9.537499
Tunisia,TUN,2018,4.741132259,33.886917,9.537499
Turkey,TUR,2005,4.718733788,38.963745,35.243322
Turkey,TUR,2007,5.623471737,38.963745,35.243322
Turkey,TUR,2008,5.118231773,38.963745,35.243322
Turkey,TUR,2009,5.212841511,38.963745,35.243322
Turkey,TUR,2010,5.490347385,38.963745,35.243322
Turkey,TUR,2011,5.271944046,38.963745,35.243322
Turkey,TUR,2012,5.309076309,38.963745,35.243322
Turkey,TUR,2013,4.888177395,38.963745,35.243322
Turkey,TUR,2014,5.579794407,38.963745,35.243322
Turkey,TUR,2015,5.514465332,38.963745,35.243322
Turkey,TUR,2016,5.326221943,38.963745,35.243322
Turkey,TUR,2017,5.607262135,38.963745,35.243322
Turkey,TUR,2018,5.185689449,38.963745,35.243322
Turkmenistan,TKM,2009,6.567713261,38.969719,59.556278
Turkmenistan,TKM,2011,5.791754723,38.969719,59.556278
Turkmenistan,TKM,2012,5.463827133,38.969719,59.556278
Turkmenistan,TKM,2013,5.391762733,38.969719,59.556278
Turkmenistan,TKM,2014,5.787379265,38.969719,59.556278
Turkmenistan,TKM,2015,5.791460037,38.969719,59.556278
Turkmenistan,TKM,2016,5.887051582,38.969719,59.556278
Turkmenistan,TKM,2017,5.229148865,38.969719,59.556278
Turkmenistan,TKM,2018,4.620601654,38.969719,59.556278
Uganda,UGA,2006,3.733583927,1.373333,32.290275
Uganda,UGA,2007,4.45583868,1.373333,32.290275
Uganda,UGA,2008,4.568619251,1.373333,32.290275
Uganda,UGA,2009,4.611985683,1.373333,32.290275
Uganda,UGA,2010,4.192882061,1.373333,32.290275
Uganda,UGA,2011,4.826001167,1.373333,32.290275
Uganda,UGA,2012,4.309237957,1.373333,32.290275
Uganda,UGA,2013,3.709578753,1.373333,32.290275
Uganda,UGA,2014,3.769919157,1.373333,32.290275
Uganda,UGA,2015,4.237686634,1.373333,32.290275
Uganda,UGA,2016,4.233261108,1.373333,32.290275
Uganda,UGA,2017,4.000516891,1.373333,32.290275
Uganda,UGA,2018,4.321714878,1.373333,32.290275
Ukraine,UKR,2006,4.803954124,48.379433,31.16558
Ukraine,UKR,2007,5.25218153,48.379433,31.16558
Ukraine,UKR,2008,5.172380447,48.379433,31.16558
Ukraine,UKR,2009,5.1656394,48.379433,31.16558
Ukraine,UKR,2010,5.057561398,48.379433,31.16558
Ukraine,UKR,2011,5.083132744,48.379433,31.16558
Ukraine,UKR,2012,5.030342102,48.379433,31.16558
Ukraine,UKR,2013,4.710802555,48.379433,31.16558
Ukraine,UKR,2014,4.297329903,48.379433,31.16558
Ukraine,UKR,2015,3.964542866,48.379433,31.16558
Ukraine,UKR,2016,4.028690338,48.379433,31.16558
Ukraine,UKR,2017,4.311067104,48.379433,31.16558
Ukraine,UKR,2018,4.661909103,48.379433,31.16558
United Arab Emirates,ARE,2006,6.734221935,23.424076,53.847818
United Arab Emirates,ARE,2009,6.866062641,23.424076,53.847818
United Arab Emirates,ARE,2010,7.097455502,23.424076,53.847818
United Arab Emirates,ARE,2011,7.118701458,23.424076,53.847818
United Arab Emirates,ARE,2012,7.217766762,23.424076,53.847818
United Arab Emirates,ARE,2013,6.620951176,23.424076,53.847818
United Arab Emirates,ARE,2014,6.539854527,23.424076,53.847818
United Arab Emirates,ARE,2015,6.568397522,23.424076,53.847818
United Arab Emirates,ARE,2016,6.83095026,23.424076,53.847818
United Arab Emirates,ARE,2017,7.039419651,23.424076,53.847818
United Arab Emirates,ARE,2018,6.603743553,23.424076,53.847818
United Kingdom,GBR,2005,6.983556747,55.378051,-3.435973
United Kingdom,GBR,2007,6.801930904,55.378051,-3.435973
United Kingdom,GBR,2008,6.986463547,55.378051,-3.435973
United Kingdom,GBR,2009,6.90654707,55.378051,-3.435973
United Kingdom,GBR,2010,7.029364109,55.378051,-3.435973
United Kingdom,GBR,2011,6.869248867,55.378051,-3.435973
United Kingdom,GBR,2012,6.880784035,55.378051,-3.435973
United Kingdom,GBR,2013,6.918055058,55.378051,-3.435973
United Kingdom,GBR,2014,6.758147717,55.378051,-3.435973
United Kingdom,GBR,2015,6.515445232,55.378051,-3.435973
United Kingdom,GBR,2016,6.8242836,55.378051,-3.435973
United Kingdom,GBR,2017,7.103273392,55.378051,-3.435973
United Kingdom,GBR,2018,7.233445168,55.378051,-3.435973
United States,USA,2006,7.18179369,37.09024,-95.712891
United States,USA,2007,7.512687683,37.09024,-95.712891
United States,USA,2008,7.280385971,37.09024,-95.712891
United States,USA,2009,7.158032417,37.09024,-95.712891
United States,USA,2010,7.16361618,37.09024,-95.712891
United States,USA,2011,7.115138531,37.09024,-95.712891
United States,USA,2012,7.026226997,37.09024,-95.712891
United States,USA,2013,7.249285221,37.09024,-95.712891
United States,USA,2014,7.151114464,37.09024,-95.712891
United States,USA,2015,6.863946915,37.09024,-95.712891
United States,USA,2016,6.803599834,37.09024,-95.712891
United States,USA,2017,6.9917593,37.09024,-95.712891
United States,USA,2018,6.882684708,37.09024,-95.712891
Uruguay,URY,2006,5.785868168,-32.522779,-55.765835
Uruguay,URY,2007,5.693945885,-32.522779,-55.765835
Uruguay,URY,2008,5.663869858,-32.522779,-55.765835
Uruguay,URY,2009,6.296222687,-32.522779,-55.765835
Uruguay,URY,2010,6.062010765,-32.522779,-55.765835
Uruguay,URY,2011,6.554047108,-32.522779,-55.765835
Uruguay,URY,2012,6.449728489,-32.522779,-55.765835
Uruguay,URY,2013,6.444464684,-32.522779,-55.765835
Uruguay,URY,2014,6.561443806,-32.522779,-55.765835
Uruguay,URY,2015,6.628080368,-32.522779,-55.765835
Uruguay,URY,2016,6.171485424,-32.522779,-55.765835
Uruguay,URY,2017,6.336009979,-32.522779,-55.765835
Uruguay,URY,2018,6.371714592,-32.522779,-55.765835
Uzbekistan,UZB,2006,5.232322216,41.377491,64.585262
Uzbekistan,UZB,2008,5.311368465,41.377491,64.585262
Uzbekistan,UZB,2009,5.26072073,41.377491,64.585262
Uzbekistan,UZB,2010,5.095342159,41.377491,64.585262
Uzbekistan,UZB,2011,5.738744259,41.377491,64.585262
Uzbekistan,UZB,2012,6.019331932,41.377491,64.585262
Uzbekistan,UZB,2013,5.939986229,41.377491,64.585262
Uzbekistan,UZB,2014,6.049212456,41.377491,64.585262
Uzbekistan,UZB,2015,5.972364426,41.377491,64.585262
Uzbekistan,UZB,2016,5.892539024,41.377491,64.585262
Uzbekistan,UZB,2017,6.421447754,41.377491,64.585262
Uzbekistan,UZB,2018,6.205460072,41.377491,64.585262
Venezuela,VEN,2005,7.169620991,6.42375,-66.58973
Venezuela,VEN,2006,6.525146008,6.42375,-66.58973
Venezuela,VEN,2008,6.257771492,6.42375,-66.58973
Venezuela,VEN,2009,7.188803196,6.42375,-66.58973
Venezuela,VEN,2010,7.47845459,6.42375,-66.58973
Venezuela,VEN,2011,6.579789162,6.42375,-66.58973
Venezuela,VEN,2012,7.066577435,6.42375,-66.58973
Venezuela,VEN,2013,6.552796364,6.42375,-66.58973
Venezuela,VEN,2014,6.136096478,6.42375,-66.58973
Venezuela,VEN,2015,5.568800449,6.42375,-66.58973
Venezuela,VEN,2016,4.041114807,6.42375,-66.58973
Venezuela,VEN,2017,5.070750713,6.42375,-66.58973
Venezuela,VEN,2018,5.005663395,6.42375,-66.58973
Vietnam,VNM,2006,5.293659687,14.058324,108.277199
Vietnam,VNM,2007,5.421687603,14.058324,108.277199
Vietnam,VNM,2008,5.480425358,14.058324,108.277199
Vietnam,VNM,2009,5.304264545,14.058324,108.277199
Vietnam,VNM,2010,5.295780659,14.058324,108.277199
Vietnam,VNM,2011,5.767344475,14.058324,108.277199
Vietnam,VNM,2012,5.53456974,14.058324,108.277199
Vietnam,VNM,2013,5.022698879,14.058324,108.277199
Vietnam,VNM,2014,5.084923267,14.058324,108.277199
Vietnam,VNM,2015,5.076315403,14.058324,108.277199
Vietnam,VNM,2016,5.062267303,14.058324,108.277199
Vietnam,VNM,2017,5.175278664,14.058324,108.277199
Vietnam,VNM,2018,5.295547009,14.058324,108.277199
Yemen,YEM,2007,4.477132797,15.552727,48.516388
Yemen,YEM,2009,4.809258938,15.552727,48.516388
Yemen,YEM,2010,4.35031271,15.552727,48.516388
Yemen,YEM,2011,3.746255636,15.552727,48.516388
Yemen,YEM,2012,4.060600758,15.552727,48.516388
Yemen,YEM,2013,4.217678547,15.552727,48.516388
Yemen,YEM,2014,3.967957973,15.552727,48.516388
Yemen,YEM,2015,2.982673883,15.552727,48.516388
Yemen,YEM,2016,3.825630903,15.552727,48.516388
Yemen,YEM,2017,3.253560066,15.552727,48.516388
Yemen,YEM,2018,3.057513952,15.552727,48.516388
Zambia,ZMB,2006,4.824454784,-13.133897,27.849332
Zambia,ZMB,2007,3.998293161,-13.133897,27.849332
Zambia,ZMB,2008,4.730263233,-13.133897,27.849332
Zambia,ZMB,2009,5.260360718,-13.133897,27.849332
Zambia,ZMB,2011,4.99911356,-13.133897,27.849332
Zambia,ZMB,2012,5.013374805,-13.133897,27.849332
Zambia,ZMB,2013,5.243995667,-13.133897,27.849332
Zambia,ZMB,2014,4.345837116,-13.133897,27.849332
Zambia,ZMB,2015,4.843164444,-13.133897,27.849332
Zambia,ZMB,2016,4.347543716,-13.133897,27.849332
Zambia,ZMB,2017,3.932777405,-13.133897,27.849332
Zambia,ZMB,2018,4.041488171,-13.133897,27.849332
Zimbabwe,ZWE,2006,3.826268435,-19.015438,29.154857
Zimbabwe,ZWE,2007,3.280246735,-19.015438,29.154857
Zimbabwe,ZWE,2008,3.174263716,-19.015438,29.154857
Zimbabwe,ZWE,2009,4.055914402,-19.015438,29.154857
Zimbabwe,ZWE,2010,4.681569576,-19.015438,29.154857
Zimbabwe,ZWE,2011,4.845641613,-19.015438,29.154857
Zimbabwe,ZWE,2012,4.955100536,-19.015438,29.154857
Zimbabwe,ZWE,2013,4.690187931,-19.015438,29.154857
Zimbabwe,ZWE,2014,4.184450626,-19.015438,29.154857
Zimbabwe,ZWE,2015,3.70319128,-19.015438,29.154857
Zimbabwe,ZWE,2016,3.7354002,-19.015438,29.154857
Zimbabwe,ZWE,2017,3.63830018,-19.015438,29.154857
Zimbabwe,ZWE,2018,3.616479874,-19.015438,29.154857
